Start Time,End Time,Sentence,Translation,Emotion
"00:00:00,000","00:00:01,000",عشان تعرف إن أنا أتنازل عند أشياء عادي,Because you know I'm condescending to normal things.,anger
"00:00:01,000","00:00:03,000",هذا الموضوع حمشي أسوي نفسي بأسمي,That's why I'm so psyched. I'm putting myself in my name.,anger
"00:00:03,000","00:00:05,000",ليه ما تسمع وترد عليك زي ما تتكلمت,Why don't you hear what she's saying to you like what she's talking about?,anger
"00:00:05,000","00:00:07,000",لأنه كلام متخابط ومتلخبط,'Cause he's a mess and a mess.,neutral
"00:00:07,000","00:00:08,000",مين اللي متلخبط؟,Who's messed up?,neutral
"00:00:08,000","00:00:09,000",إنتي دحين السينما حطيح بدونك؟,You're indulging in the movies without you?,neutral
"00:00:09,000","00:00:11,000",أيوة حطيح بدوني,Aah! Aah! Aah!,neutral
"00:00:11,000","00:00:13,000",ده The Blind Date Show,That's the Blind Date Show.,neutral
"00:00:13,000","00:00:14,000",ودول اتنين ما يعرفوش بعض,And countries that don't know each other.,neutral
"00:00:22,000","00:00:24,000",كل واحد فيهم مش شايف التاني,Every single one of them isn't the next one.,neutral
"00:00:24,000","00:00:25,000",وبينهم الحيطة دي,"And there's a precaution in them, D.",neutral
"00:00:25,000","00:00:28,000",البلاين ديت بتاعنا عبارة عن 3 راونز,Blaine Ditt. Ours is 3 Rawns.,neutral
"00:00:28,000","00:00:31,000",كل راونز بينزل لهم موضوع لازم يتكلموا فيه,All the Ransom Penzels have a subject to talk about.,neutral
"00:00:31,000","00:00:32,000",المواضيع دي علاقة بالجواز,The subjects have to do with the passport.,neutral
"00:00:32,000","00:00:33,000",لبس,Clothes.,neutral
"00:00:33,000","00:00:34,000",فلوس,Folks.,neutral
"00:00:34,000","00:00:34,000",شغل,Play.,neutral
"00:00:34,000","00:00:36,000",وحاجات تانية كتير,And many more needs.,neutral
"00:00:36,000","00:00:37,000",بعد كل راونز,After all the Rawns.,neutral
"00:00:37,000","00:00:38,000",كل واحد بيدي التاني ريتينج,Everybody's in my second hand.,neutral
"00:00:38,000","00:00:41,000",على حسب هم شبه بعض قد إيه في الراونز دي,"Based on what they're like, they might have done in the Rhinos D.",anger
"00:00:41,000","00:00:42,000",وفي الآخر قبل ما كل واحد يعرف,"And on the other hand, before everyone knows...",neutral
"00:00:42,000","00:00:44,000",كان قاعد في ديت مع مين,He was in the Dit with Min.,neutral
"00:00:44,000","00:00:46,000",هيقرروا لو هينزلوا ديت تاني ولا لا,They decide if Henslow Dit Tani or not.,neutral
"00:00:58,000","00:00:59,000",شكراً,Thank you.,neutral
"00:01:13,000","00:01:13,000",هاي,Hey.,neutral
"00:01:13,000","00:01:14,000",أهلاً,Hey.,neutral
"00:01:15,000","00:01:16,000",كيف حالك؟,How are you?,neutral
"00:01:16,000","00:01:17,000",أوه,Oh.,neutral
"00:01:18,000","00:01:20,000",الحمد لله والله أنت عاملين,Thank God you're working.,neutral
"00:01:20,000","00:01:21,000",الحمد لله,Thank God.,neutral
"00:01:21,000","00:01:23,000",حسيت بالـ أوه هذي هتيجي من أول,"I felt the... Oh, that's my first cheerleader.",neutral
"00:01:23,000","00:01:24,000",عشان كده ساكت,Because that's why I'm so quiet.,neutral
"00:01:24,000","00:01:25,000",أنت سعودي؟,You Saudi?,neutral
"00:01:25,000","00:01:25,000",لا,No.,neutral
"00:01:25,000","00:01:27,000",أنا المفروض سعيدي بس عايش في سعودية من زمان,I'm supposed to be happy living in Saudi Arabia from ancient times.,anger
"00:01:28,000","00:01:28,000",سعيدي؟,Happy?,neutral
"00:01:28,000","00:01:29,000",من لقصر,From the palace.,neutral
"00:01:30,000","00:01:30,000",حل,A solution.,neutral
"00:01:31,000","00:01:32,000",لا بمزع طبعاً,Absolutely not.,neutral
"00:01:33,000","00:01:34,000",سعودي سعودي,Saudi Arabia,neutral
"00:01:34,000","00:01:35,000",تعرفي جيت سعودية قبل كده؟,You know a Saudi jet before that?,neutral
"00:01:35,000","00:01:36,000",أوه جيت,"Oh, Jet.",neutral
"00:01:36,000","00:01:37,000",فين رحت؟,Where did you leave?,neutral
"00:01:37,000","00:01:39,000",رحت مكة ورحت المدينة,"I've gone, Mack. I've gone, I've gone, I've gone, I've gone, I've gone, I've gone, I've gone, I've gone, I've gone.",anger
"00:01:39,000","00:01:40,000",ما رحت جدة؟,What's grandma got?,neutral
"00:01:40,000","00:01:40,000",لا ما رحتش قبل,"No, I've never been gone before.",neutral
"00:01:40,000","00:01:42,000",كيف جيتي مكة بدون ما تروحي جدة؟,How come you're macca without grandma's comfort?,neutral
"00:01:42,000","00:01:43,000",ما كنت بعمل عمره,I wasn't working on his life.,neutral
"00:01:43,000","00:01:46,000",طيب جيتي على جدة بعدين رحت مكة بالسيارة,"Okay, Gettys, on a grandma's way back, I'm in the car.",anger
"00:01:46,000","00:01:47,000",لا ما جيتش,"No, what's Jitch?",neutral
"00:01:47,000","00:01:49,000",المطار اللي نزلك على جدة,The airport that came down on Grandma...,neutral
"00:01:49,000","00:01:50,000",هيوديكي بعدين,Houdiki later.,neutral
"00:01:50,000","00:01:51,000",انت مريت بجدة كلها,You've been through all of it.,neutral
"00:01:51,000","00:01:52,000",بعدين وصلت مكة,Then there's Makkah.,neutral
"00:01:52,000","00:01:53,000",ما نمكنش عارف بقى,We can't. I know what's left.,neutral
"00:01:53,000","00:01:54,000",ما في مطار في مكة,What's at an airport in Mecca?,neutral
"00:01:54,000","00:01:55,000",أوكي,Okay.,neutral
"00:01:55,000","00:01:56,000",انت ايش اللي نزلك؟,What are you doing down there?,neutral
"00:01:56,000","00:01:58,000",تقريباً دي قهوة عربي,Almost got an Arab latte.,neutral
"00:01:58,000","00:02:00,000",اللي هي اسمها قهوة خضرة تقريباً,What's her name? Almost green coffee.,neutral
"00:02:00,000","00:02:00,000",ولا ده ايه؟,Either?,neutral
"00:02:00,000","00:02:01,000",قهوة خضرة؟,Green coffee?,neutral
"00:02:01,000","00:02:02,000",اشوف كده؟,See that?,neutral
"00:02:02,000","00:02:04,000",اللي هي تقريباً بتتاخد مع بلح,What she's almost taking with a salt.,neutral
"00:02:04,000","00:02:04,000",دي تمر,Dee pass.,neutral
"00:02:04,000","00:02:05,000",لا دي قهوة عربي,"No, I have Arab coffee.",neutral
"00:02:05,000","00:02:06,000",ايه,Eh.,neutral
"00:02:06,000","00:02:07,000",انا نزل لسحلب,I'm going down to the algae.,neutral
"00:02:07,000","00:02:07,000",سحلب؟,A zipper?,neutral
"00:02:07,000","00:02:08,000",فاش رايك تاخديها وانا اخد القهوة العربية,Loser thinks you'll take it while I'm taking some Arab coffee.,anger
"00:02:08,000","00:02:09,000",ما عنديش مشكلة,He doesn't have a problem.,neutral
"00:02:09,000","00:02:11,000",عشان كده كده مفيش تمر فايه,"When that's it, you can't pass the Fae.",neutral
"00:02:11,000","00:02:12,000",خد انت الاول,Here you go first.,neutral
"00:02:13,000","00:02:14,000",ايوة,Yeah.,neutral
"00:02:14,000","00:02:16,000",كيف قهوة خضرة خليتيها؟,How's her veggie coffee?,neutral
"00:02:16,000","00:02:17,000",هي اسمها قهوة خضرة والله,It's called green coffee. God.,neutral
"00:02:17,000","00:02:17,000",فضل,Here you go.,neutral
"00:02:19,000","00:02:20,000",شكراً مرسي,"Thank you, Marcy.",neutral
"00:02:21,000","00:02:22,000",طب هسألك سؤال,"Doctor, you have a question.",neutral
"00:02:22,000","00:02:23,000",بتنزل ديتز كتير؟,Let's get Dietz out of here.,neutral
"00:02:23,000","00:02:25,000",يعني اتعرف على ناس,"I mean, I get to know people.",neutral
"00:02:25,000","00:02:26,000",بس ما انزل ديتز يعني وكده,But what I put down Ditz means...,neutral
"00:02:26,000","00:02:26,000",ماشي,All right.,neutral
"00:02:26,000","00:02:27,000",وانتي؟,And you?,neutral
"00:02:27,000","00:02:29,000",لا مش بنزل ديتز كتير,"No, it's not Dietz Ketter's motel.",neutral
"00:02:29,000","00:02:29,000",مرة؟,Once?,neutral
"00:02:29,000","00:02:30,000",نعم,Yeah.,neutral
"00:02:30,000","00:02:31,000",تماماً يعني ما بتنزل ديتز؟,"Exactly what do you mean by ""Ditz""?",neutral
"00:02:31,000","00:02:32,000",لا لا كنت بنزل,"No, no. I was at a motel.",neutral
"00:02:32,000","00:02:34,000",بس ما بقيتش بنزل ديتز كتير,But you're still at the Dietcutter Inn.,neutral
"00:02:34,000","00:02:34,000",اوكي,Okay.,neutral
"00:02:34,000","00:02:35,000",انت درست ايش باي ذوي؟,You've studied Ish Bay with?,neutral
"00:02:35,000","00:02:37,000",درست اعلام وترجمة,I studied flags and translations.,neutral
"00:02:41,000","00:02:42,000",أشتغل دكتور سنين,I've been a doctor for years.,neutral
"00:02:42,000","00:02:44,000",ولا بشتغل حاجة تانية غير,Not on another need other than...,neutral
"00:02:44,000","00:02:45,000",الثنين,Twinkle.,neutral
"00:02:45,000","00:02:46,000",اشتغل اشياء برا طب الأسنان,D.Y.A. stuff.,neutral
"00:02:46,000","00:02:48,000",وبشتغل اشياء كوان في الأسنان,"And I work things, Kwan's in the teeth.",neutral
"00:02:48,000","00:02:49,000",ايه الحاجات اللي بتشغلها,What needs you're running.,neutral
"00:02:49,000","00:02:50,000",برا طب الأسنين؟,Breath of dental?,neutral
"00:02:50,000","00:02:51,000",عندي كدة كدة براند,"I've got that, Brand.",neutral
"00:02:51,000","00:02:51,000",هدوم؟,Hiccup?,neutral
"00:02:51,000","00:02:52,000",مو هدوم,Mo Hudum.,neutral
"00:02:52,000","00:02:53,000",عطور,Perfume.,neutral
"00:02:53,000","00:02:54,000",عندي مطعم,I have a restaurant.,neutral
"00:02:54,000","00:02:55,000",عندي كوفي شوپ,I have Koffi Shopo.,neutral
"00:02:55,000","00:02:55,000",زى كدة,Like this.,neutral
"00:02:55,000","00:02:57,000",طيب والعطور بتعمل,"Well, the perfume's working.",neutral
"00:02:57,000","00:02:58,000",العطور الليالي العربي,Arab perfume.,neutral
"00:02:58,000","00:03:00,000",الليالي العود والميسك,The nights back and the massage.,neutral
"00:03:00,000","00:03:01,000",ولا لا لا,"No, no, no.",neutral
"00:03:01,000","00:03:02,000",فيه عندي كدة عطر زي كدة,I've got a perfume like this.,neutral
"00:03:02,000","00:03:04,000",بس أغلب العطور فرنسية زى كدة,But most of the perfume is French.,neutral
"00:03:05,000","00:03:06,000",وانتي تشتغل داحين؟,And you're working hard?,neutral
"00:03:06,000","00:03:07,000",اوه بشتغل,"Oh, working.",neutral
"00:03:07,000","00:03:08,000",فين؟,Finn?,neutral
"00:03:08,000","00:03:10,000",بمثل وبمرن تمثيل,Like an actress and an actress.,neutral
"00:03:10,000","00:03:13,000",وارتجال للأطفال والتينز,And improvisation for the children and the tennis.,neutral
"00:03:13,000","00:03:14,000",تمرني,Practicing.,neutral
"00:03:14,000","00:03:16,000",يعني كانك مدرسة تمثيل وكده؟,You mean like an acting school and shit?,neutral
"00:03:16,000","00:03:17,000",اوه,Oh.,neutral
"00:03:17,000","00:03:18,000",ممم,Mm-hmm.,neutral
"00:03:18,000","00:03:19,000",ممتع,Fun.,neutral
"00:03:19,000","00:03:20,000",ايه؟,Eh?,neutral
"00:03:20,000","00:03:21,000",اوه مش,"Oh, no.",neutral
"00:03:21,000","00:03:23,000",طب انت جيت من السعودية على هنا؟,"Doctor, you're from Saudi Arabia over here?",neutral
"00:03:23,000","00:03:24,000",يعني جيت عشان,"It means ""Get assan.""",neutral
"00:03:24,000","00:03:26,000",تبقى أشرح لك اللي صار بالضبط,You keep explaining exactly what happened.,neutral
"00:03:26,000","00:03:26,000",اوه ياريخ,"Oh, Rich.",neutral
"00:03:26,000","00:03:28,000",أنا جيت من السعودية,I'm from Saudi Arabia.,neutral
"00:03:28,000","00:03:29,000",اليوم الساعة 3 العصر,Today is 3 p.m.,neutral
"00:03:30,000","00:03:33,000",وصلت الساعة 5 المفروض أجي من المطار على طول على هنا,It's 5 o'clock. I'm supposed to get away from the airport all the way out here.,anger
"00:03:33,000","00:03:34,000",يعني انت جاي مخصوص عشان الديد دا,"I mean, you're Jay, because of the worms.",neutral
"00:03:34,000","00:03:35,000",ييس,Yess.,neutral
"00:03:35,000","00:03:37,000",ما قلت لك أنا في السوشيال ميديا برضه كمان,"What I told you, I'm in sushial media with his consent.",anger
"00:03:37,000","00:03:38,000",مو بس,Moe Bess.,neutral
"00:03:38,000","00:03:39,000",تعمل ايه تيك توك ولا ايه؟,"What do you do, Tick Tock or what?",neutral
"00:03:39,000","00:03:40,000",يعني كله,It means all of it.,neutral
"00:03:40,000","00:03:41,000",يا سيطر يا رب,"Oh, God, control.",neutral
"00:03:41,000","00:03:42,000",بس ما بقرب لك أكتر من كدة,But it's closer to you than it is.,neutral
"00:03:52,000","00:03:53,000",شكرا,Thank you.,neutral
"00:03:53,000","00:03:55,000",ممكن أعرف نزلك ايه؟,May I know your place?,neutral
"00:03:55,000","00:03:56,000",أنا نزللي شربة عدس,I'm getting a glass.,neutral
"00:03:56,000","00:03:57,000",انت ايش نزلك؟,"Hey, what's going on down there?",neutral
"00:03:58,000","00:03:59,000",أنا نزللي جريش,I'm coming down with Gresh.,neutral
"00:03:59,000","00:04:00,000",وأنا مش عارفة دا ايه,And I don't know DA.,neutral
"00:04:00,000","00:04:01,000",هو بنجد ايش دا؟,He's helping us find Aishda?,neutral
"00:04:02,000","00:04:03,000",ايش ايش عبارة عن ايش يعني؟,What? What does that mean?,neutral
"00:04:03,000","00:04:05,000",ما هوريك استنى,"What's up, Horik? Hold on.",neutral
"00:04:05,000","00:04:06,000",بس,BUT...,neutral
"00:04:06,000","00:04:07,000",آه جريش,"Ah, Grish.",neutral
"00:04:07,000","00:04:09,000",أنا هدوه وهدزهولك عمت,I'm a tranquilizer. You're a dead man.,neutral
"00:04:09,000","00:04:10,000",طيب,Okay.,neutral
"00:04:11,000","00:04:12,000",حلو والله,Sweet and God.,neutral
"00:04:12,000","00:04:13,000",تبي انت شربة عدس؟,You're drinking a glass?,neutral
"00:04:13,000","00:04:14,000",يعني برحتك,It means yours.,neutral
"00:04:14,000","00:04:15,000",تفضلي,Here you go.,neutral
"00:04:17,000","00:04:17,000",ياف,Yav.,neutral
"00:04:17,000","00:04:20,000",يعني الأكلة دي اللي أنا قلتها لك دي سعودي؟,You mean the food I told you was Saudi?,neutral
"00:04:20,000","00:04:21,000",هذي الأكلة سعودية أيوة,This food is Saudi.,neutral
"00:04:21,000","00:04:23,000",منتشر أكثر في الرياض وفي الشرقية وزي كده,"It's more widespread in Riyadh, in the East, and in uniform.",anger
"00:04:23,000","00:04:26,000",بص احنا مفروضة نتكلم في التايب بتاعنا,"Look, we're supposed to be talking in our comms.",neutral
"00:04:26,000","00:04:28,000",يلا انتي قوليلي إيش يور تايب في القعيد,"Hey, hey, hey, hey, hey, hey, hey, hey, hey, hey, hey, hey, hey, hey, hey, hey, hey, hey, hey, hey, hey, hey, hey, hey, hey, hey, hey, hey, hey, hey, hey, hey, hey, hey, hey, hey, hey, hey, hey, hey, hey, hey,",anger
"00:04:28,000","00:04:31,000",يوجهلي بحب الولادة اللي شعرهم طويل,I'm sick of giving birth. Their hair's long.,neutral
"00:04:31,000","00:04:32,000",ماشية,A cattle.,neutral
"00:04:32,000","00:04:33,000",بس دي مش قازمة يعني,But D doesn't mean...,neutral
"00:04:33,000","00:04:35,000",يبقوا فت,There's still a boy.,neutral
"00:04:35,000","00:04:37,000",مش بحب العضلات الزيادة,I don't like muscles any more.,neutral
"00:04:37,000","00:04:38,000",بحبش ولادة الأسائيرين,With the love of giving birth to the Asians.,neutral
"00:04:38,000","00:04:39,000",ايوه,Uh-huh.,neutral
"00:04:39,000","00:04:41,000",تزعلني طيب,You make me feel good.,neutral
"00:04:41,000","00:04:42,000",لا بس معنا بشوف,It's okay with us.,neutral
"00:04:43,000","00:04:47,000",انت تحب البنت اللي تبقى معايا شكلها يبقى عامل ازاي؟,You like a girl who stays with me.,neutral
"00:04:47,000","00:04:49,000",مثلا شعرها يعني يكون طويل مو قصير,Like her hair means he's tall and short.,neutral
"00:04:49,000","00:04:51,000",يكون كيرلي ولا ويفي وكده,"It's Curly, it's not Weaver, and it's true.",anger
"00:04:51,000","00:04:52,000",عشان هي تقدر تسوي اللي تبقى,Because she appreciates what's left.,neutral
"00:04:52,000","00:04:53,000",يعني تكون فت,It means being a boy.,neutral
"00:04:53,000","00:04:54,000",أقلها تروح الجيم,At least the gym goes.,neutral
"00:04:54,000","00:04:56,000",تمسك دايت تاكل أكل كويس,"Catch, eat, eat, eat.",neutral
"00:04:56,000","00:04:57,000",بس كده؟,That's it?,neutral
"00:04:57,000","00:04:58,000",بس كده ما فيش هاتان,But that's not how you're gonna get it.,neutral
"00:04:58,000","00:05:00,000",وبالنسبة للشخصية انتي إيش؟,"And as for character, you're Ish?",neutral
"00:05:00,000","00:05:03,000",يكون حد بيحب الفن,Someone who loves art.,neutral
"00:05:03,000","00:05:05,000",عنده هدف عمّة في الحياة,He has an aunt's purpose in life.,neutral
"00:05:05,000","00:05:06,000",انت إيه هدفك في الحياة؟,You're your purpose in life?,neutral
"00:05:06,000","00:05:09,000",أنا مثلاً الحين عندي مين جول في الرياضة,"I, for example, now have Min Jule at the sport.",neutral
"00:05:09,000","00:05:10,000",أنا بلعب باديل مرة كتير,I play padell once too often.,neutral
"00:05:10,000","00:05:10,000",ميش؟,Mitch?,neutral
"00:05:10,000","00:05:12,000",مين جول اني أصير,"Min Jules, I'm becoming...",neutral
"00:05:12,000","00:05:13,000",بروفيشنال باديل بلاير في الساوديو ناشرال تيم,- Professor Budell Blair in the Southo-Sodio. - Churchill Tim.,neutral
"00:05:13,000","00:05:14,000",حلوة قوي,Strong sweetness.,neutral
"00:05:14,000","00:05:17,000",طيب ممكن تقولي البنت اللي انت عايز تبقى معاها,"Well, then you can tell the girl you want to be with.",anger
"00:05:17,000","00:05:19,000",تحب تكون إيه الحاجة تلف شخصيتها؟,You like having any need to damage her personality?,anger
"00:05:19,000","00:05:20,000",لازم تكون بوزيتف,You have to be a bozitiv.,neutral
"00:05:21,000","00:05:22,000",ما أحب النكد مرة,I don't like to suck it up once.,neutral
"00:05:22,000","00:05:24,000",طول الوقت إيجابية وسعادة,All the time is positive and happy.,neutral
"00:05:24,000","00:05:25,000",يعني خلاص إذا في مشكلة تنحل,"It means salvation, so it's a problem to solve.",anger
"00:05:25,000","00:05:27,000",بس العادة البنات,It's usually girls.,neutral
"00:05:27,000","00:05:28,000",لما يصير في مشكلة,Why is he getting in trouble?,neutral
"00:05:28,000","00:05:30,000",يحبوا إنهم يكتروا منها,They love them. They hate them.,neutral
"00:05:30,000","00:05:32,000",عشان يزودوا المشكلة وقت,They're gonna give the problem time.,neutral
"00:05:32,000","00:05:33,000",مثلاً مثلاً,For example...,neutral
"00:05:33,000","00:05:35,000",ما رديت على الجوال ساعتين,I didn't answer the phone for two hours.,anger
"00:05:35,000","00:05:36,000",قلت آسف معلش,I said I'm sorry.,neutral
"00:05:36,000","00:05:37,000",ليش نقعد ستة ساعات نضارب,"Let's go for six hours, hitchhiking.",neutral
"00:05:37,000","00:05:39,000",إنه أنا ما رديت على الجوال الساعتين اللي فاتت,It's me. I haven't answered the phone for the last two hours.,anger
"00:05:39,000","00:05:41,000",ممكنش ترد ليه؟,Can you get back to him?,neutral
"00:05:41,000","00:05:42,000",كنت بلعب باديل,I was playing padill.,neutral
"00:05:42,000","00:05:44,000",فلما تتكلمها بقى بعد ما تخلص,"When you didn't talk to her, he stayed after he got rid of you.",anger
"00:05:44,000","00:05:45,000",هتقول لها أنا آسف,You're gonna tell her. I'm sorry.,neutral
"00:05:45,000","00:05:46,000",طب ما دا عادي دا مش موضوع,M.E.D. doesn't matter.,neutral
"00:05:46,000","00:05:47,000",حصل لي ضرب بلعب,I got hit by a toy.,neutral
"00:05:47,000","00:05:48,000",طولت في اللعب,I've longed to play.,neutral
"00:05:48,000","00:05:49,000",قعدت أربع ساعات ألعب,I've been playing four hours.,neutral
"00:05:49,000","00:05:49,000",إيش سوي؟,Aish Swee?,neutral
"00:05:49,000","00:05:52,000",يعني أنت في الأول قلته ما ردتش عليه ساعتين,"I mean, you first said what you said, what you said, two hours.",anger
"00:05:52,000","00:05:54,000",دلوقتي بقى أربع ساعات,I've only got four hours left.,neutral
"00:05:54,000","00:05:56,000",أنا كنت متفق معاكي إني بلعب ساعتين,I've been with you. I'm playing two hours.,anger
"00:05:56,000","00:05:57,000",فجأة صارت أربعة,All of a sudden it's four.,neutral
"00:05:57,000","00:05:57,000",فجأة,Suddenly.,neutral
"00:05:57,000","00:05:58,000",كنت في الكورت وقعد ألعب خاص,I was at the cort and I was playing special.,neutral
"00:05:58,000","00:05:59,000",كملت مع الشباب إني بلعب معهم,I've been with the guys. I'm playing with them.,neutral
"00:06:00,000","00:06:01,000",وصرت الجوال,I became a cell phoner.,neutral
"00:06:01,000","00:06:03,000",ليش بعد ما خلص الأربع ساعات دي,Not after he's done four hours D.,neutral
"00:06:03,000","00:06:04,000",يصير في مشكلة لنا اليوم اللي بعده,He gets in trouble for us the day after.,neutral
"00:06:04,000","00:06:07,000",فأنت تروح بقى تمشي خمسمائة يوم,You're on your feet. You've been walking for 500 days.,neutral
"00:06:07,000","00:06:08,000",وبعدين ترجع تكلمها,And then you come back and you talk to her.,neutral
"00:06:08,000","00:06:10,000",تقول لها أنا آسف رأيتك,You tell her I'm sorry. I saw you.,neutral
"00:06:10,000","00:06:11,000",فيها تقول لك,She's telling you.,neutral
"00:06:11,000","00:06:12,000",عادي والله يمك,Normal. Allah be...,neutral
"00:06:12,000","00:06:13,000",مو هذا المقصد لا,"Moe, that's the point. No.",neutral
"00:06:13,000","00:06:14,000",طب سؤال,Question medicine.,neutral
"00:06:15,000","00:06:17,000",أنا لو رحت لعبت باديل,"If I go, I'll play padall.",neutral
"00:06:17,000","00:06:18,000",أنت بتلعب باديل بذوي,You're playing padill with a buddy.,neutral
"00:06:18,000","00:06:20,000",بلعب كنت بلعب تنس,I played. I played tennis.,neutral
"00:06:20,000","00:06:23,000",لا تسألني أنا رحت لعبت تنس مع صحابي,Don't ask me. I'm going to play tennis with my friends.,anger
"00:06:23,000","00:06:23,000",أنا أعرفهم,I know them.,neutral
"00:06:23,000","00:06:25,000",إيه ده بقى الأسئلة دي,"Eh, that's the rest of the questions, Dee.",neutral
"00:06:25,000","00:06:26,000",يعني أصحابك اللي أعرفهم,It means your friends I know.,neutral
"00:06:26,000","00:06:27,000",مثلاً بتقولين لي أنت دائماً,"Like, you always tell me.",neutral
"00:06:27,000","00:06:29,000",بتخرج مع نجوة ومرام وفلانة,"Graduation with a sauce, aram, and an apple.",neutral
"00:06:30,000","00:06:31,000",مين فلان ده بقى,Min Flan is staying.,neutral
"00:06:31,000","00:06:32,000",فلانة,Flanna.,neutral
"00:06:32,000","00:06:33,000",ما في فلانة أبداً تماماً,It's never exactly in an oven.,neutral
"00:06:33,000","00:06:34,000",ما هيكون في فلانة,What are you doing in Flana?,neutral
"00:06:34,000","00:06:35,000",نجوة ومريم ومرام,"Survive, Mary and Maram.",neutral
"00:06:35,000","00:06:36,000",حلو؟,Sweet?,neutral
"00:06:37,000","00:06:38,000",قلتي لها أنا رايح ألعب معهم,You told her I'm a fart playing with them.,neutral
"00:06:38,000","00:06:40,000",والله لو تقعد إلينا اليوم اللي بعده عادي,"And God, if you fall to us the day after that, it's normal.",anger
"00:06:40,000","00:06:41,000",ما حتضرب معاك يعني,What I'm hitting with you means...,neutral
"00:06:41,000","00:06:42,000",أقعد لحد الثاني ومعي,I'm sitting second with me.,neutral
"00:06:42,000","00:06:44,000",إذا أنا أعرفهم أعرف دولة مين,So I know them. I know Maine.,neutral
"00:06:44,000","00:06:45,000",أوه لكن لو بنايت أنت ما تعرفه,"Oh, but if it's built, you're what you know.",anger
"00:06:45,000","00:06:47,000",طيب وإنت هتتعرف على البنات صحابي,"Okay, and you're gonna get to know the girls, guys.",neutral
"00:06:47,000","00:06:49,000",إنت حتي تتحكيني طبعاً يعني,You're even rubbing me. Of course it means...,neutral
"00:06:49,000","00:06:51,000",إيش معنى أنت تتعرف على صحابي البنات,What does it mean? You get to know girlfriends.,neutral
"00:06:51,000","00:06:51,000",وأنا ما,And I don't...,neutral
"00:06:51,000","00:06:53,000",أنا هعرفهم بالأسامي,I'll introduce them to the Sami.,neutral
"00:06:53,000","00:06:54,000",ما هو لازم أشوفهم حتى في حياتي,What I need to show them is even in my life.,anger
"00:06:54,000","00:06:56,000",طيب أنا عندي سؤال,"Okay, I've got a question.",neutral
"00:06:56,000","00:06:58,000",هو صحابك اللي أنت بتلعب معهم باديل,"He's the guy you're playing with, Padell.",neutral
"00:06:58,000","00:07:00,000",كلهم تعرفيهم وتعرف أهلهم,"They all know them, and you know their parents.",neutral
"00:07:00,000","00:07:01,000",وبناتهم وعيالهم compress,"And their daughters and their children, compress.",neutral
"00:07:01,000","00:07:01,000",وأصحابهم وأخوانهم,And their owners and brothers.,neutral
"00:07:01,000","00:07:02,000",كلهم تعرفيهم مستحيل,They're all you know. No way.,neutral
"00:07:02,000","00:07:03,000",كلهم أولاد,They're all kids.,neutral
"00:07:03,000","00:07:04,000",كلهم أولاد طبعاً,"They're all kids, of course.",neutral
"00:07:04,000","00:07:05,000",ما عندناش يعني,What we've got means...,neutral
"00:07:05,000","00:07:06,000",togg Circuit,♪ ♪ ♪ ♪ ♪ ♪ ♪ ♪ ♪ ♪ ♪ ♪ ♪ ♪ ♪ ♪ ♪ ♪ ♪ ♪ ♪ ♪ ♪ ♪ ♪ ♪ ♪ ♪ ♪ ♪ ♪ ♪ ♪ ♪ ♪ ♪ ♪ ♪ ♪ ♪ ♪ ♪ ♪ ♪ ♪ ♪ ♪ ♪ ♪ ♪ ♪ ♪ ♪ ♪ ♪ ♪ ♪ ♪ ♪ ♪ ♪ ♪ ♪,anger
"00:07:06,000","00:07:07,000",يعني أنا مش موافقة على المبدأ العام,"I mean, I don't approve of the general principle.",neutral
"00:07:07,000","00:07:09,000",بس أنا موافقة على المسوؤ,But I'm cool with it.,neutral
"00:07:09,000","00:07:09,000",نايس,Nate.,neutral
"00:07:09,000","00:07:10,000",ماش,Ma'am.,neutral
"00:07:10,000","00:07:13,000",يعني أنت بتلعب بباديل عادي كده مع هذا؟,You mean you're playing with a normal padle like that with this?,anger
"00:07:13,000","00:07:15,000",يعني إنت قلت بلعب باديل,"I mean, you said padill.",neutral
"00:07:15,000","00:07:16,000",مش رايحة,I'm not comfortable.,neutral
"00:07:16,000","00:07:17,000",أكيد طبعاً بتلعب بباديل يعني,"Sure, by playing Badell, it means...",neutral
"00:07:17,000","00:07:18,000",طبعاً أنا سألك سؤال طيب,Of course I asked you a good question.,neutral
"00:07:18,000","00:07:20,000",شوف هو على حسب السبب,See him for the reason.,neutral
"00:07:20,000","00:07:21,000",هموت هموت,"Oh, oh, oh, oh, oh, oh, oh, oh, oh, oh, oh, oh, oh, oh, oh, oh, oh, oh, oh, oh, oh, oh, oh, oh.",neutral
"00:07:21,000","00:07:23,000",استنى أنا قلت لك إنه أنا بمثل,"Wait, I told you, I'm like...",neutral
"00:07:23,000","00:07:24,000",حلو,Sweet.,neutral
"00:07:24,000","00:07:24,000",إيه بقى,"Eh, stay.",neutral
"00:07:24,000","00:07:26,000",إنت قداش قوية في التمثيل؟,You're a powerful actress?,neutral
"00:07:26,000","00:07:27,000",إيه السؤال ده,"Eh, the question is...",neutral
"00:07:27,000","00:07:29,000",يعني مثلاً السينما حططيح إذا إنت ما مثلتي؟,"It means, like, the movies are broken if you're what you are?",anger
"00:07:31,000","00:07:32,000",أصلاً,Including...,neutral
"00:07:32,000","00:07:33,000",أسألك جاوبيني قول إيه وإلا لا,"I ask you, answer me, say yes or no.",neutral
"00:07:33,000","00:07:36,000",لا هو طب الأسنان هيتيح لو إنت ما,"No, it's dentistry. It'll make it possible if you don't.",anger
"00:07:36,000","00:07:38,000",أقدر أسيب لك طب الأسنان,I appreciate the manner in which your dentistry is.,anger
"00:07:38,000","00:07:39,000",بس بسألك ده,I'm just asking you this.,neutral
"00:07:39,000","00:07:41,000",السينما حططيح إذا إنت ما مثلتي؟,So you're what you're like?,neutral
"00:07:41,000","00:07:42,000",هططيح أوه,- Ruined. - Oh.,neutral
"00:07:42,000","00:07:44,000",خلاص ورب الكعبة تمثلي,Get rid of the Lord of the Cup.,neutral
"00:07:44,000","00:07:45,000",يا أخي إنت ما زال في الوضع,"Brother, you're still in position.",neutral
"00:07:45,000","00:07:47,000",إذا إنت لديك درجة مهمة والله تمثلي,"So you have an important degree, and God represents me.",anger
"00:07:48,000","00:07:50,000",بس إذا تمثيلك يعني,But if your acting means,neutral
"00:07:50,000","00:07:51,000",in general,in general,neutral
"00:07:51,000","00:07:52,000",هاه,Huh.,neutral
"00:07:52,000","00:07:53,000",حنحاول إنه إيش,We're trying. It's Aish.,neutral
"00:07:53,000","00:07:55,000",يعني على حسب أنا شطرة ولا لا,It means whether I'm a part or not.,neutral
"00:07:55,000","00:07:56,000",إذا إنت لكي قيمة مرة كبيرة,So you're worth a lot.,neutral
"00:07:56,000","00:07:57,000",عادي كمل التمثيل,Regular acting-up.,neutral
"00:07:57,000","00:07:59,000",ما عشان يبقى لي إيمان لازم أبدأ,I don't have much faith to begin with.,neutral
"00:07:59,000","00:08:00,000",إنت داحين قلتي ما بدأتي,You're a jerk. You said what you started.,neutral
"00:08:01,000","00:08:03,000",مين أنا أنا ما قولتش إن أنا ما بدأت,Who am I? I'm not saying if I'm starting.,neutral
"00:08:03,000","00:08:04,000",إسألوا ما تخبرش على الطراويزة,Ask what you're talking about on the trojan.,neutral
"00:08:04,000","00:08:06,000",أنا ما قولتش إن أنا ما بدأتش,I'm not saying if I'm starting to...,neutral
"00:08:06,000","00:08:08,000",إلا إنت قلتي لي ما بدأتي دوب,"Unless you tell me what you started, Dob.",neutral
"00:08:08,000","00:08:09,000",أنا قلت كده,I said so.,neutral
"00:08:09,000","00:08:10,000",إنت ما قلتي بس يعني,You're what you said. It means...,neutral
"00:08:10,000","00:08:12,000",إنت حسيت إن أنا مش موجوه,You felt that I didn't mean it.,neutral
"00:08:12,000","00:08:14,000",ما بدأتش كرير التمثيل بتاعي,You never started acting like me.,neutral
"00:08:14,000","00:08:15,000",كيف السينما حطيح,How are the movies broken?,neutral
"00:08:15,000","00:08:17,000",إذا إنت ما جربت تمثلي,If you haven't tried acting...,neutral
"00:08:17,000","00:08:18,000",مين قال لك إن أنا مجربت,Who told you that I tried?,neutral
"00:08:18,000","00:08:19,000",إنت قلتي,You said...,neutral
"00:08:19,000","00:08:21,000",إزاي بقى بدأني التمثيل,Izzy stayed. I started acting.,neutral
"00:08:21,000","00:08:22,000",وأنا ما جربتش,And I'm not Grepitch.,neutral
"00:08:22,000","00:08:23,000",إزاي,Izzy.,neutral
"00:08:23,000","00:08:25,000",عشان تعرف إن أنا اتنازل عند أشياء عادي,For you know I'm condescending to normal things.,anger
"00:08:25,000","00:08:27,000",هذا الموضوع حمي الشيء أسوي نفسي ما سمعت,That's the thing that's warmed me up to what I've heard.,anger
"00:08:27,000","00:08:28,000",ليه ما تسمع وترد علي,Why do you listen to me and answer me?,neutral
"00:08:28,000","00:08:29,000",زي ما أتكلمك,Like what I'm talking about.,neutral
"00:08:31,000","00:08:32,000",مين اللي متلخبط,Who's messed up?,neutral
"00:08:32,000","00:08:33,000",إنت ده حين السينما حطيح بدونك,You're the same when the movies are broken without you.,anger
"00:08:34,000","00:08:37,000",كيف حتعرف مستواك إذا إنت ما جربت,How do you know if you haven't tried?,neutral
"00:08:37,000","00:08:38,000",والله لا أستطيع تمثل,"And God, I can't act.",neutral
"00:08:38,000","00:08:39,000",طب اسمع إنت حلو,"Oh, yeah, yeah, yeah, yeah, yeah, yeah, yeah, yeah, yeah, yeah, yeah, yeah, yeah, yeah, yeah, yeah, yeah, yeah, yeah, yeah, yeah, yeah.",anger
"00:08:39,000","00:08:39,000",مو بتدرب الأطفال,Moe's a kid rehearsal.,neutral
"00:08:39,000","00:08:40,000",بدرب أطفال,With a babysitter.,neutral
"00:08:40,000","00:08:42,000",والله مرة نايس,"And God, once, Nate...",neutral
"00:08:42,000","00:08:43,000",طب الحمدلله,"Oh, thank God.",neutral
"00:08:43,000","00:08:44,000",ما عندنا مشكلة,We don't have a problem.,neutral
"00:08:44,000","00:08:47,000",هو إنت ليه قلت انترستينج في الأول على إن أنا ممثلة,I said Intersting first because I'm an actress.,anger
"00:08:47,000","00:08:49,000",وجاي دلوقتي تبنع الحياة,"And Jay, now that I'm invincing life,",neutral
"00:08:49,000","00:08:50,000",رد علي,Answer me.,neutral
"00:08:50,000","00:08:52,000",لأن بشوف اللايفستايل كيف حيمشي وكذا,"'Cause by the face of the lavastile, it's how it's gonna go, and so on.",anger
"00:08:52,000","00:08:54,000",وشوفتي وصلت للمرحلة معينة,"You see, I'm at a certain point.",neutral
"00:08:54,000","00:08:55,000",يعني فاهمك كيف,"I mean, you understand how...",neutral
"00:08:55,000","00:08:58,000",آه إنه وصلت بقى المرحلة بتبني حياة معايا,"Ah, it's arrived the rest of it by building a life with me.",anger
"00:08:58,000","00:08:59,000",فلا دلوقتي بقى,I don't have time.,neutral
"00:08:59,000","00:09:01,000",هتتغيري عشاني,You're gonna change for me.,neutral
"00:09:03,000","00:09:05,000",إذا إنتي مرة شاطرة في التمثيل,So you're an actress once.,neutral
"00:09:05,000","00:09:08,000",يا أستاذ أنا شايفة نفسي شاطرة,"Professor, I'm a sandwich myself.",neutral
"00:09:08,000","00:09:09,000",إنت مش شايفني شاطرة,You're not a Shafani Shafani.,neutral
"00:09:09,000","00:09:09,000",أنا مش شاطرة,I'm not a partner.,neutral
"00:09:09,000","00:09:11,000",مين اللي عم يحدر شطارتي,What's wrong with my sandwich?,neutral
"00:09:11,000","00:09:12,000",الناس هتحدد شطارتك,People are gonna set you up.,neutral
"00:09:12,000","00:09:15,000",مثلاً عادي الإمام لو وقف كله نحن تجنن,"For example, if he stops all of us, we're going crazy.",anger
"00:09:15,000","00:09:16,000",أنا هسألك سؤال,I'll ask you a question.,neutral
"00:09:16,000","00:09:19,000",إنت قدي إيه شاطر في التيك توك اللي إنت بتعمله ده,You drive a fucking tick tok that you're doing.,anger
"00:09:19,000","00:09:22,000",أنا شاطر عندي متابعين كثير والله,I have a lot of followers. God.,neutral
"00:09:22,000","00:09:23,000",كم يعني,How much does that mean?,neutral
"00:09:23,000","00:09:24,000",عندي 4.5 مليون,I have 4.5 million.,neutral
"00:09:24,000","00:09:26,000",تبرافو ماشي,Tpravo Machi.,neutral
"00:09:26,000","00:09:27,000",أنا بقى عايزك تبطل تيك توك,I still want you to break Ticktock.,neutral
"00:09:27,000","00:09:29,000",إنتي قوليلي بادل مثلاً,"You're, like, Goldie Buddle.",neutral
"00:09:29,000","00:09:30,000",قوليلي إنت قدي إيه شاطر في البادل,"Say, you drive, you're a badass.",neutral
"00:09:30,000","00:09:31,000",قدي شاطر في البادل,Drive a pair of buddies.,neutral
"00:09:31,000","00:09:32,000",فيه potential,It has potential.,neutral
"00:09:32,000","00:09:33,000",يبقى تبطل,It's still broken.,neutral
"00:09:33,000","00:09:36,000",لا نعمل مارش ونجيب دخول,We don't do Marsh and we get access.,neutral
"00:09:36,000","00:09:40,000",ونشوف بقى أنت تستحق أنك تقف في الملعب وتمسك مضرب ولا لا,You deserve to stand on the field and hold on to a bat or not.,anger
"00:09:40,000","00:09:41,000",نجيبه,Answer him.,neutral
"00:09:41,000","00:09:43,000",لو خسرت مش هتمسك مضرب تاني في الحياة,"If you lose, you'll never catch another bat in life.",anger
"00:09:43,000","00:09:44,000",إذا خسرت من مين؟ أي أحد؟,"If you lose from Maine, anyone?",neutral
"00:09:44,000","00:09:46,000",من الميارات 2 اللي قدامك,Out of the 2-by-twos in your footsteps.,neutral
"00:09:46,000","00:09:47,000",على حسب مين حقي,Depending on who I'm entitled to.,neutral
"00:09:47,000","00:09:48,000",يعني فأنتي كمان لا تجيجي تقوليها,"I mean, you're a violin. You don't have to say it.",anger
"00:09:48,000","00:09:50,000",هلعب ضدك كريستياني وميسي مثلاً,"He freaked out against you, Christiane and Missy, for example.",anger
"00:09:50,000","00:09:51,000",تبقى أنا قلت سؤال تاني,There's still one more question I said.,neutral
"00:09:51,000","00:09:52,000",لا فعليش فيه سؤال تاني,I don't want to ask him another question.,anger
"00:09:52,000","00:09:53,000",اتفضل,Here you go.,neutral
"00:09:53,000","00:09:56,000",إنت هتقارني في التمثيل بمين عشان تعرف أنه شاطر ولا لا,You're comparing me to Maine because you know it's a good thing he's not.,anger
"00:09:56,000","00:09:58,000",أنا ما هقارنك والله ولا في أحد,"I'm nothing compared to you, God, and nobody.",neutral
"00:09:58,000","00:10:00,000",هجعد معاكي أقولك شوفيه,Crawl with you. I'll tell you what.,neutral
"00:10:00,000","00:10:01,000",اه انتي مش شاطرة,"Oh, you're not.",neutral
"00:10:01,000","00:10:03,000",لا والله هقوليك شاطرة طول الوقت,"No, and God forbid you're a part of it all the time.",neutral
"00:10:03,000","00:10:04,000",بس اللي لازم تبقى حزين,But what you have to do stays sad.,neutral
"00:10:04,000","00:10:06,000",يعني مثلاً جاك يوفر دي حين من فيلم مرة يحزن,"It means, for example, Jack Saves Dee when he's in a sad movie once.",anger
"00:10:06,000","00:10:08,000",ليش يخليك تروحي,Don't let you take it easy.,neutral
"00:10:08,000","00:10:09,000",ليش يطلع شكلك بايخ,Why don't you look like shit?,neutral
"00:10:09,000","00:10:11,000",بس مثلاً في الجهة الثانية,Just like on the other side.,neutral
"00:10:11,000","00:10:13,000",جاك فيلم البطل حقه عادي الإمام,"Jack, the hero's film is his usual right, the imam.",neutral
"00:10:13,000","00:10:15,000",أقسم رب نوقع الكونتراكت مع بعض,"I swear to God, we're signing the Connecticut together.",anger
"00:10:15,000","00:10:18,000",والله لا تروحي وأنا أجي وأقعد أتفرج عليكم خلف الكوليس,"And God, don't take it easy, and I'm apologizing, and I'm watching you backstage.",anger
"00:10:18,000","00:10:20,000",أنا مش حبيتك تتفرج علي,I didn't like you watching me.,neutral
"00:10:20,000","00:10:20,000",ليش كده,Don't... don't... don't... don't... don't... don't... don't... don't... don't.. don't... don't...,neutral
"00:10:20,000","00:10:22,000",أنا دلوقتي عايز أمثل,I just want to act.,neutral
"00:10:22,000","00:10:23,000",شفتي أنت ما بدأت,My lips. You never started.,neutral
"00:10:23,000","00:10:24,000",اسمعني,Listen to me.,neutral
"00:10:24,000","00:10:26,000",التفل عشان يمشي,He's walking around.,neutral
"00:10:26,000","00:10:27,000",محتاج يعمل إيه,Needed to work.,neutral
"00:10:27,000","00:10:27,000",يرقص,Dancing.,neutral
"00:10:27,000","00:10:30,000",أكيد هيمشي يعني يجوم يحبي ويتحرك وفعما يمشي,"He's got to be mean, he's like, he's like, he's like, he's like, ""hey, hey, hey, hey, hey, hey, hey, hey, hey, hey, hey, hey, hey, hey, hey, hey, hey, hey, hey, hey, hey, hey, hey, hey, hey, hey, hey, hey, hey, hey, hey, hey, he",anger
"00:10:30,000","00:10:32,000",محتاج يمشي خطوات الأول إيه,"Needed to walk first steps, eh?",neutral
"00:10:32,000","00:10:33,000",يحبي,He loves me.,neutral
"00:10:33,000","00:10:34,000",وبعدين يمشي,And then he walks.,neutral
"00:10:34,000","00:10:35,000",وبعدين يجري,And then it's running.,neutral
"00:10:35,000","00:10:37,000",فأنا في التمثيل عشان أبقى,I'm in the act because I'm staying.,neutral
"00:10:37,000","00:10:39,000",إن شاء الله أستحق أن أنا أبقى,"God willing, I deserve to stay.",neutral
"00:10:39,000","00:10:41,000",مع ممثل كبير,With a big actor.,neutral
"00:10:41,000","00:10:42,000",هعمل فيلم صغير دور صغير,Make a little movie. Little part.,neutral
"00:10:42,000","00:10:43,000",وبعدين دور أكبر,And then a bigger role.,neutral
"00:10:43,000","00:10:45,000",وبعدين أبقى إن شاء الله بطلة,Then I'll stay if God wills. He's a hero.,anger
"00:10:45,000","00:10:46,000",طيب صح,Okay. Right.,neutral
"00:10:46,000","00:10:48,000",أنت بقى مش هتسمح لي أعمل الفيلم اللي في الأول اللي يحزن,You can't let me do the first movie that's sad.,anger
"00:10:48,000","00:10:50,000",والله إذا فيه potential,"And God, so there's potential.",neutral
"00:10:50,000","00:10:50,000",فأنا مش هعيب,I'm not a liability.,neutral
"00:10:50,000","00:10:54,000",عندي أصلاً الفرصة إن أنا أعمل حاجة أكبر,I already have a chance if I'm doing something more.,anger
"00:10:54,000","00:10:55,000",لأن أنا ما بدأتش,'Cause I never started.,neutral
"00:10:55,000","00:10:57,000",ولا أنت الحاجات بتجي لك مرة واحدة,Nor do you need to come to you once in a while.,anger
"00:10:57,000","00:10:58,000",طيب أديكي خلاصة,"Okay, I'll give you a summary.",neutral
"00:10:58,000","00:10:59,000",والله هذي نهاية النقاش,"And God, that's the end of it.",neutral
"00:10:59,000","00:11:00,000",قررت ماشي,I made up my mind.,neutral
"00:11:00,000","00:11:02,000",إذا عمرك أقل من 23,So you're under 23.,neutral
"00:11:02,000","00:11:04,000",أبدأ يحبي في التمثيل,I'm starting to like acting.,neutral
"00:11:04,000","00:11:05,000",خلاص؟,Get out?,neutral
"00:11:05,000","00:11:06,000",لأنه بعد 23,'Cause after 23...,neutral
"00:11:06,000","00:11:07,000",أنت خلصت الفرص,You've made it out.,neutral
"00:11:07,000","00:11:08,000",المفروض تبدأ من وأنت صغيرة,You're supposed to start when you're little.,neutral
"00:11:08,000","00:11:11,000",أنا بس بحاول أشرح لك من الأول,I'm just trying to explain it to you from the top.,anger
"00:11:11,000","00:11:13,000",إن أنا بدأت أمثل,If I'm starting to act...,neutral
"00:11:13,000","00:11:14,000",الله يوفقك,God bless you.,neutral
"00:11:14,000","00:11:15,000",أنت مرعب,You're scary.,neutral
"00:11:17,000","00:11:19,000",كم يعني كويس بطال ولليش,How good is a hero and a Walliche?,neutral
"00:11:19,000","00:11:20,000",حس مرة بطال,Feel once a hero.,neutral
"00:11:20,000","00:11:21,000",أنت شوفي,You're a healer.,neutral
"00:11:21,000","00:11:22,000",أنت رأيك إف نفسك,You say so yourself.,neutral
"00:11:22,000","00:11:24,000",لما بتبص كده في المرية بتحس بإيه,Why do you look so hard at the gallows with a sense of it?,anger
"00:11:24,000","00:11:25,000",أحس كلامي منطقي,I can feel my words making sense.,neutral
"00:11:25,000","00:11:27,000",يا ربنا يوفقك يا رب,"God bless you, Lord.",neutral
"00:11:27,000","00:11:28,000",آمين,Amen.,neutral
"00:11:37,000","00:11:38,000",نزل لك إيه بقى,He came down for you. What's the rest of it?,neutral
"00:11:38,000","00:11:40,000",أنا نزل لحاجة اسمها بومبار,I came down to need her name is Pumpard.,neutral
"00:11:40,000","00:11:40,000",بومبار؟,Pumpard?,neutral
"00:11:41,000","00:11:42,000",مومبار,Mumbar!,neutral
"00:11:43,000","00:11:44,000",إيه هذي,"Eh, that's...",neutral
"00:11:44,000","00:11:45,000",أنا نزللي مطبق,I'm coming down with a dish.,neutral
"00:11:45,000","00:11:47,000",أنت عارف المومبار ده إيه,You know how the mommaar is.,neutral
"00:11:47,000","00:11:47,000",والله لا,"And God, no.",neutral
"00:11:47,000","00:11:49,000",طيب مش كويس,It's not okay.,neutral
"00:11:49,000","00:11:50,000",طب إنتي دحين أشرحلي إيش المومبار هذا,You're a good doctor. Explain to me. I don't know what the fuck you're doing.,anger
"00:11:50,000","00:11:51,000",لا مش هينفع,"No, it won't.",neutral
"00:11:51,000","00:11:51,000",ليه؟,Why?,neutral
"00:11:51,000","00:11:52,000",كله كله وبعدين,All of it and then...,neutral
"00:11:52,000","00:11:53,000",أمانة إيش,The secretariat of Esh...,neutral
"00:11:53,000","00:11:54,000",إيه؟,Eh?,neutral
"00:11:54,000","00:11:55,000",إيش إيش ده,"- Ahh. - Ahh, ah, ah, ah, ah, ah, ah, ah, ah, ah, ah, ah, ah, ah, ah, ah, ah, ah, ah, ah, ah, ah, ah, ah, ah, ah, ah, ah, ah, ah, ah.",neutral
"00:11:55,000","00:11:57,000",هقولك بس أنت دوق وبعدين قولي رأيك وبعدين,"But you're the Duke, and then you say your mind and then...",anger
"00:11:57,000","00:11:58,000",الله يستر,God's resting.,neutral
"00:11:58,000","00:12:00,000",ماشي أنا هدوق المطبق,"Okay, I'm the tadpole's tadpole.",neutral
"00:12:00,000","00:12:02,000",هو المطبق ده سعودي؟,Is that a Saudi app?,neutral
"00:12:02,000","00:12:03,000",يعتبر إيه وهذا منتشر عندنا,That's what's common to us.,neutral
"00:12:03,000","00:12:05,000",نموذج الجريش اللي المرة اللي فاتت,The grizzly model... the one you missed...,neutral
"00:12:11,000","00:12:12,000",هذا مطبق مالح,That's salty.,neutral
"00:12:12,000","00:12:13,000",خد عايز واحدة,Here's one thing.,neutral
"00:12:16,000","00:12:17,000",تبي مومبارة؟,Tip-Mambora?,neutral
"00:12:17,000","00:12:18,000",لا أنا ما بأكلش لحمة,"No, I don't eat meat.",neutral
"00:12:18,000","00:12:20,000",يا هذا ما فيه له لحم المومبار,"Hey, that's what's got the mumbo bacon in it.",anger
"00:12:20,000","00:12:21,000",هلا فيه له لحم؟,Can he have meat in it?,neutral
"00:12:21,000","00:12:23,000",بالله؟,For Christ's sake?,neutral
"00:12:23,000","00:12:24,000",حلو المومبارة عجبك؟,"Oh, you like the mamboo?",neutral
"00:12:24,000","00:12:25,000",يعني,I mean...,neutral
"00:12:25,000","00:12:26,000",ديه يعني بقى؟,He's got a leftover?,neutral
"00:12:26,000","00:12:27,000",فيه أشياء أطعم,It's got more food in it.,neutral
"00:12:27,000","00:12:29,000",آه صحه ولو,"Oh, yeah, well...",neutral
"00:12:29,000","00:12:30,000",ما يستحقش يبقى أكلة,What's worth is left to eat.,neutral
"00:12:30,000","00:12:32,000",لأنه فيه أحسن منه,Because it's better in it than it is in it.,anger
"00:12:32,000","00:12:33,000",ممكن نتكلم بقى في الموضوع شنقيم؟,"Can we talk about this, Shane?",neutral
"00:12:35,000","00:12:36,000",إيش الأشياء اللي تشوفيها,I don't know what to show.,neutral
"00:12:37,000","00:12:39,000",في الولد اللي,In the boy who...,neutral
"00:12:39,000","00:12:41,000",أنا مش فاكرة أنت اللي هتجاوب الأول,I'm not thinking. You're the one who responds first.,anger
"00:12:41,000","00:12:42,000",أنا جاوبت السؤال اللي فات,I answered the question.,neutral
"00:12:42,000","00:12:43,000",وقاعدت تصرخ عليها,And I yelled at her.,neutral
"00:12:43,000","00:12:45,000",دارك دحين دلينا نشوف,"Darhk, Deena, Deena, we're looking.",neutral
"00:12:45,000","00:12:46,000",إيش الريد فلاكز اللي في الولد,"Aish Red Flacks, what's in the boy.",neutral
"00:12:46,000","00:12:48,000",يعني دحين فيه ولد شفتيه,It means giving him a lip kid.,neutral
"00:12:48,000","00:12:49,000",إذا فيه له كذا,So that's what it's for.,neutral
"00:12:49,000","00:12:51,000",إكس بيج إكس,XBX.,neutral
"00:12:51,000","00:12:52,000",بيج إكس,Big X.,neutral
"00:12:52,000","00:12:52,000",بيج,Paige.,neutral
"00:12:52,000","00:12:54,000",يكون متحكم,Be in control.,neutral
"00:12:54,000","00:12:57,000",يكون عنده رأي ما بيغيروش,He's got some kind of opinion.,neutral
"00:12:58,000","00:13:02,000",يكون مش مقتنع بالفرص,He's not convinced of the opportunities.,neutral
"00:13:03,000","00:13:03,000",ها؟,Huh?,neutral
"00:13:03,000","00:13:05,000",وإيه بقى الرجل اللي ما يحترمش,"And, uh, there's still the man who respects me.",neutral
"00:13:05,000","00:13:08,000",المرأة اللي معاه وكاينها,The woman who's with her and Kayna...,neutral
"00:13:10,000","00:13:11,000",يعني كله أنا ده ولا إيش؟,You mean I'm all like that and I'm not?,anger
"00:13:11,000","00:13:15,000",لا أنا قلت حقا أنت الريد فلاكز,"No, I really said you're Red Flacks.",neutral
"00:13:15,000","00:13:16,000",أنت قلت الريد فلاكز حقك دحين صح؟,"You said Red Flacks was right, right?",neutral
"00:13:16,000","00:13:18,000",آه قلتها يا ريت أنت تقول حقها,"Ah, I said it, Rhett. You're right.",neutral
"00:13:18,000","00:13:20,000",الريد فلاكز حق,Red Flacks is right.,neutral
"00:13:20,000","00:13:22,000",اللي أشوفها في البيت تكون مرة خلاص,What I see at home is once and for all.,neutral
"00:13:23,000","00:13:24,000",تكون مثلاً,You're like...,neutral
"00:13:24,000","00:13:26,000",تدخن تعسل تفيب,"Smoke, honey. Flip.",neutral
"00:13:26,000","00:13:28,000",هذه الأشياء كلها اللي ما هي صحية,These are all things that are healthy.,neutral
"00:13:28,000","00:13:30,000",ألكوهوليك دراجز ديل أشياء,"Alcoholec Drags Dale, things.",neutral
"00:13:30,000","00:13:31,000",أشياء بطالة هذه,These things are unemployment.,neutral
"00:13:32,000","00:13:33,000",آه إيش كمان,"Uh, violin.",neutral
"00:13:33,000","00:13:34,000",إنها مرة تحب السهر,It's a time you like to wait.,neutral
"00:13:34,000","00:13:36,000",مو مشكلة الواحد يسهر مرة في الشهر,Moe's problem is one stays up once a month.,neutral
"00:13:36,000","00:13:37,000",مرتين في الشهر,Twice a month.,neutral
"00:13:37,000","00:13:38,000",مو كل ويكند,"Moe, eat Weakand.",neutral
"00:13:38,000","00:13:39,000",فلاو كده,"Floo, that's it.",neutral
"00:13:39,000","00:13:40,000",مو حلو,"Oh, sweet.",neutral
"00:13:40,000","00:13:41,000",منطق,Makes sense.,neutral
"00:13:41,000","00:13:43,000",إيش كمان في ريد فلاكز,Aish violin at Red Flacks.,neutral
"00:13:43,000","00:13:45,000",البنت اللي طول الوقت شايفها نفسها صح,"The girl who's been around all the time, she's been watching herself, right?",anger
"00:13:45,000","00:13:46,000",مم؟,Mm?,neutral
"00:13:46,000","00:13:47,000",مو بس البنات حتى الأولاد,"Not even the girls, even the boys.",neutral
"00:13:47,000","00:13:48,000",شايف طول الوقت نفسها صح,Shafe's all the same time. Right.,neutral
"00:13:48,000","00:13:49,000",بيج ريد فلاكز,Big Red Flacks.,neutral
"00:13:49,000","00:13:50,000",مثلاً؟,Like?,neutral
"00:13:50,000","00:13:51,000",أيوه طول الوقت صح,"Oh, all the time. Right.",neutral
"00:13:51,000","00:13:52,000",حرام,Harem.,neutral
"00:13:52,000","00:13:53,000",فأنت الحاجات اللي أنت قلت,You're the kind of thing you said.,neutral
"00:13:53,000","00:13:55,000",أنت مش عايزة في البنت دي,You don't want to be in girl D.,neutral
"00:13:55,000","00:13:56,000",أنت ما بتعمل هيش صح؟,"You don't do Hush, do you?",neutral
"00:13:56,000","00:13:58,000",ولا وحدة منها,Not a single one.,neutral
"00:13:58,000","00:13:59,000",ولا سهر ولا..,Not a night or...,neutral
"00:13:59,000","00:14:00,000",سهر أيوه أسهر,"Wait, wait, wait, wait, wait. Wait, wait, wait, wait.",neutral
"00:14:00,000","00:14:00,000",إجازة,Vacation.,neutral
"00:14:00,000","00:14:02,000",أنا مأجز في الصيف أسهر,I'm late for the summer.,neutral
"00:14:02,000","00:14:03,000",كم مرة في الشهر بتسهر؟,How many times a month do you stay up?,neutral
"00:14:03,000","00:14:04,000",أروح كلابز لما أنا أسافر,I'm taking Claps when I'm traveling.,neutral
"00:14:04,000","00:14:05,000",لما تسافر؟,Why are you traveling?,neutral
"00:14:05,000","00:14:06,000",سافرت مثلاً بالي,I traveled like a ballet.,neutral
"00:14:06,000","00:14:08,000",بتسافر بقى كل أسبوع زي ما قلت كده,"By traveling, he stayed every week, just like you said.",anger
"00:14:08,000","00:14:09,000",ما أسافر؟,What am I traveling?,neutral
"00:14:09,000","00:14:11,000",عادي فبتسافر بقى عادي,Normal. Traveling is normal.,neutral
"00:14:11,000","00:14:12,000",مستحيل أقدر أسافر كل أسبوع,No way. I can travel every week.,neutral
"00:14:12,000","00:14:14,000",أسافر يعني كل 3 شهور,Traveling means every three months.,neutral
"00:14:14,000","00:14:15,000",كل 4 شهور,Every four months.,neutral
"00:14:15,000","00:14:15,000",يا دوب,"Hey, Dob.",neutral
"00:14:15,000","00:14:16,000",ميش,Mish!,neutral
"00:14:16,000","00:14:17,000",طب أنت بقى إيه,"Doctor, you're staying, eh?",neutral
"00:14:17,000","00:14:18,000",الجرين فلاكز,Green Flacks.,neutral
"00:14:18,000","00:14:19,000",لو شفتها في البنت,If I could get her in the girl's mouth...,neutral
"00:14:20,000","00:14:22,000",عكساً اللي قلتلك هو,It's the opposite of what I told you.,neutral
"00:14:22,000","00:14:24,000",وتكون مرة مهتمة بشي معين,And once you're interested in something.,neutral
"00:14:25,000","00:14:26,000",استن,"Hey, hey, hey, hey, hey, hey, hey, hey, hey, hey, hey, hey, hey, hey, hey, hey, hey, hey, hey, hey, hey, hey, hey, hey, hey, hey, hey, hey.",anger
"00:14:26,000","00:14:28,000",تكون مرة شاطرة فيه,It's like once in a while.,neutral
"00:14:28,000","00:14:28,000",فاهمة؟,Got it?,neutral
"00:14:28,000","00:14:29,000",مثلاً,Like...,neutral
"00:14:29,000","00:14:30,000",رسامة شاطرة,A straight painter.,neutral
"00:14:30,000","00:14:32,000",واضح عليها الموهبة إنها,She's clearly gifted. She's...,neutral
"00:14:32,000","00:14:33,000",أوف,Ugh.,neutral
"00:14:33,000","00:14:34,000",هذي البنت إذا رسمت,"This girl, if she paints.",neutral
"00:14:34,000","00:14:35,000",هذي خلاص,That's a redemption.,neutral
"00:14:35,000","00:14:36,000",هذي هي ممتازة,That's perfect.,neutral
"00:14:36,000","00:14:37,000",شاطرة في شي معين,Something specific.,neutral
"00:14:37,000","00:14:38,000",وحط وقتها فيه,And put her time in it.,neutral
"00:14:38,000","00:14:39,000",ما تكون فاضية,What's free?,neutral
"00:14:39,000","00:14:40,000",طب أنت,You're a doctor.,neutral
"00:14:40,000","00:14:42,000",إيه الجرين فلاكز اللي أنا هشوفها فيك,"Green Flacks, what I'm showing you.",neutral
"00:14:42,000","00:14:43,000",فهبقى عايزة بقى معيك,He stayed. He stayed with you.,neutral
"00:14:43,000","00:14:44,000",أنا لو كنت في علاقة,"If I was in a relationship,",neutral
"00:14:46,000","00:14:48,000",الاهتمام عندها يكون عالي,Then the attention is high.,neutral
"00:14:48,000","00:14:49,000",ما أحب النكد,I don't like the nipples.,neutral
"00:14:49,000","00:14:50,000",طول الوقت كلام بوزيتف,All the time Poseft talks.,neutral
"00:14:50,000","00:14:51,000",ودلع وفرفشة وكده,And a buffet and a buffet and a buffet.,neutral
"00:14:51,000","00:14:52,000",بتدلع بقى,With a leftover.,neutral
"00:14:52,000","00:14:53,000",أكيد طبعاً,"Sure, sure.",neutral
"00:14:53,000","00:14:55,000",أي نوع الدلع اللي أنت بتدلعه بقى,What kind of rib you're playing left?,neutral
"00:14:55,000","00:14:55,000",كلام حلو,Sweet talk.,neutral
"00:14:55,000","00:14:56,000",صباح الخير,Good morning.,neutral
"00:14:56,000","00:14:57,000",مساء الخير,Good evening.,neutral
"00:14:59,000","00:14:59,000",هاي,Hey.,neutral
"00:14:59,000","00:15:01,000",إزايك عمل إيه,"Yeah, yeah, yeah, yeah, yeah, yeah, yeah, yeah, yeah, yeah, yeah, yeah, yeah, yeah, yeah, yeah, yeah, yeah, yeah.",anger
"00:15:01,000","00:15:02,000",دلع ده,That's a bollocks.,neutral
"00:15:02,000","00:15:03,000",إيه كده دلع بالكلام يعني فهم,"Eh, that sounds like an understanding.",neutral
"00:15:03,000","00:15:03,000",بوزيتف ده,"Bositev, that's it.",neutral
"00:15:03,000","00:15:05,000",أيوة صباح الخير,Good morning.,neutral
"00:15:05,000","00:15:06,000",أيوة,Yeah.,neutral
"00:15:06,000","00:15:07,000",أيوة الله,"Oh, God.",neutral
"00:15:07,000","00:15:09,000",إيش لفروض دلع يكون غير إيش يعني زيش,"Ish's for dirtbags, but nothing means zish.",neutral
"00:15:09,000","00:15:11,000",لا هي صباح الخير ده كده,"No, it's good morning. That's it.",neutral
"00:15:11,000","00:15:12,000",عايز إيه بالدنيا يا ربا,"Dear God, I want to live.",neutral
"00:15:12,000","00:15:14,000",لا فيه كلمات فيه أشياء ما ينفعقولها يعني كده,There's no words in it. Something that makes sense means that way.,anger
"00:15:14,000","00:15:15,000",ما ينفعش,Which does not work.,neutral
"00:15:16,000","00:15:17,000",مستحي,Impressive.,neutral
"00:15:17,000","00:15:18,000",إيش الجريم فلاكس اللي فيك,"What's the crime, Flack? What's wrong with you?",neutral
"00:15:18,000","00:15:21,000",هشجعك على أن أنت بقى,He encouraged you to stay.,neutral
"00:15:21,000","00:15:23,000",حتى لو أنا مش مقتنعة,"Even if I'm not convinced,",neutral
"00:15:23,000","00:15:25,000",بمثلاً موضوع التيك توك وكده,"For example, the Ticktock thing... and the Ticktock thing.",neutral
"00:15:25,000","00:15:28,000",بس هي حاجة مهمة بالنسبة لك,But it's an important need for you.,neutral
"00:15:28,000","00:15:29,000",فأنا هشجعك عليها,I encouraged you to do it.,neutral
"00:15:29,000","00:15:30,000",في ذمتك,In your case.,neutral
"00:15:30,000","00:15:31,000",شي مرة أنا كويس فيه,Something once I'm good.,neutral
"00:15:31,000","00:15:33,000",كيف ما أنت مقتنعة فيه,How can you be so convinced?,neutral
"00:15:33,000","00:15:34,000",أنا ما بحبش تيك توك,I don't like Ticktock.,neutral
"00:15:34,000","00:15:35,000",أنت عكسي,You're the opposite.,neutral
"00:15:40,000","00:15:42,000",أن أنت قررت أن أنا مش شاطرة في التمثيل,You decided I wasn't an actress.,neutral
"00:15:42,000","00:15:44,000",وإنت قلتيلي في البداية أنا ممثلة,And you first said I was an actress.,neutral
"00:15:44,000","00:15:46,000",بعدين قلتلي أنا لسه بدأت بحبي,"After you told me, I didn't start in love with me.",anger
"00:15:46,000","00:15:47,000",لا بتحبي,Don't love.,neutral
"00:15:47,000","00:15:48,000",يعني تعرف مثلاً مين جاء في بالي,"It means you know, like who came into my head.",anger
"00:15:48,000","00:15:49,000",مين,Min!,neutral
"00:15:49,000","00:15:50,000",هانا الزاهد مثلاً,"Hannah, for example.",neutral
"00:15:50,000","00:15:51,000",خلاص هادي إيش حاجة,"Come on, Eh-h-h-h-h-h-h-h-h-h-h-h-h-h-h-h-h-h-h-h.",neutral
"00:15:51,000","00:15:51,000",إيش هي تقول لها دي,"Eh, she's telling her D.",neutral
"00:15:51,000","00:15:52,000",مش,I don't...,neutral
"00:15:53,000","00:15:54,000",بس طلعت هانا الزاهد بتحبي,"I'm just gonna be here, and I'm gonna love Hannah.",anger
"00:15:54,000","00:15:56,000",يعني أنا ببدأ آه,It means I'm starting to ah.,neutral
"00:15:56,000","00:15:57,000",بس أنا بمثل,I'm just like...,neutral
"00:15:57,000","00:16:00,000",وبعدين يعني من سنة مثلاً قبل ما بدأ أمثل,"And then a year ago, for example, before I started acting.",neutral
"00:16:00,000","00:16:03,000",كنت لسه بقى بحاول أمثل,I wasn't gonna keep trying to act.,neutral
"00:16:03,000","00:16:04,000",سنة بتحاول تمثلي,A year trying to represent me.,neutral
"00:16:04,000","00:16:06,000",لا مش سنة ست سنين,"No, it's not six years.",neutral
"00:16:06,000","00:16:07,000",ست سنين بتحاول تمثلي,Six years trying to represent me.,neutral
"00:16:07,000","00:16:08,000",وبتحبي,And love.,neutral
"00:16:08,000","00:16:09,000",آه,Aah!,neutral
"00:16:09,000","00:16:10,000",ليه بتحبي طيب,Why do you love me so well?,neutral
"00:16:10,000","00:16:10,000",وقف حبي,Stop loving me.,neutral
"00:16:10,000","00:16:11,000",أنا هو بمثله,I'm like him.,neutral
"00:16:11,000","00:16:13,000",ماربنا كرمني,Our marbles are generous.,neutral
"00:16:13,000","00:16:16,000",يعني إذا فيه اسم مرة كبيرة اشتغلتي معاه نايس,"I mean, if it's got a big name, you've worked with Nate.",anger
"00:16:16,000","00:16:17,000",آيوه فيه,"Oh, yeah, yeah, yeah, yeah, yeah, yeah, yeah, yeah, yeah, yeah, yeah, yeah, yeah, yeah, yeah, yeah, yeah, yeah, yeah, yeah, yeah, yeah.",anger
"00:16:17,000","00:16:17,000",والله,And God.,neutral
"00:16:18,000","00:16:18,000",كيب جوينغ,Cape Gwing.,neutral
"00:16:19,000","00:16:20,000",خلاص إيوه صح طيب,It's okay. It's okay.,neutral
"00:16:20,000","00:16:21,000",إنت كده شاطرة,You're like that.,neutral
"00:16:21,000","00:16:22,000",إنت بتقوللي ما إنت شاطرة,You're telling me what you're saying.,neutral
"00:16:22,000","00:16:23,000",إنت بتقوللي من نفسك,You're telling me yourself.,neutral
"00:16:23,000","00:16:24,000",مو أنا,"Moe, me.",neutral
"00:16:24,000","00:16:25,000",أنا على حسب طريقة كلامك,I'm on the same page as you are.,neutral
"00:16:25,000","00:16:28,000",يا حوا على الحيط أضيع على وشك,"Hey, hey, hey, hey, hey, hey, hey, hey, hey, hey, hey, hey, hey, hey, hey, hey, hey, hey, hey, hey, hey, hey, hey, hey, hey, hey, hey, hey, hey, hey, hey, hey, hey, hey, hey, hey, hey, hey, hey, hey, hey, hey,",anger
"00:16:28,000","00:16:30,000",أنا بقلل من نفسي,I'm being less of myself.,neutral
"00:16:30,000","00:16:31,000",أنا عمالة بحاول أثبت لك,"I'm a job, trying to prove it to you.",neutral
"00:16:31,000","00:16:34,000",إن أنا أستحق أجرب,I deserve a shot.,neutral
"00:16:34,000","00:16:35,000",برضو بتجيب العيت بنفسك,Satisfied to take care of yourself.,neutral
"00:16:35,000","00:16:37,000",اللي يستحق ما يجرب,Who deserves to be tried.,neutral
"00:16:37,000","00:16:38,000",هم الناس اللي يجوا يكلموني,They're the people who come to talk to me.,neutral
"00:16:38,000","00:16:39,000",يقولوله تعال,He says it. Come on.,neutral
"00:16:39,000","00:16:40,000",إنت ما تجرب هم اللي يفتوكوا,You're what you're trying on. They're the ones who are the ones who are the ones who are the ones who are the ones who are the ones who are the ones who are the ones who aren't.,anger
"00:16:40,000","00:16:41,000",يعني إنت أول مرة دخلت,"I mean, you were the first time I walked in.",anger
"00:16:41,000","00:16:43,000",إنت أول مرة دخلت ملعب بادل,You're the first time I've ever been in a ballpark.,anger
"00:16:43,000","00:16:46,000",دخلت خلاص كسبت الماتش,I'm in. I've earned the Mouch.,neutral
"00:16:46,000","00:16:47,000",بالبراكتس حقي,Brackets is my right.,neutral
"00:16:47,000","00:16:48,000",صاروا الناس يكلموني,People have been calling me.,neutral
"00:16:48,000","00:16:49,000",آيوه,Uh-huh.,neutral
"00:16:49,000","00:16:50,000",امسك كلمة راجل,Hold on to a man's word.,neutral
"00:16:50,000","00:16:51,000",إنت شافة إنت نفس بعيدة,You're a healer. You're a long breath.,neutral
"00:16:51,000","00:16:52,000",إنت مفضحت إنت,You're fucked. You're fucked.,neutral
"00:16:53,000","00:16:54,000",إذا ما تعمل ليش كده,So what you do for a living?,neutral
"00:16:54,000","00:16:55,000",إنت مفضوحة,You're exposed.,neutral
"00:16:55,000","00:16:55,000",إيه,Eh.,neutral
"00:16:55,000","00:16:57,000",فضحتي نفسي قلت إنك إنت نفسك صديقة,Explain myself. I said you were a friend.,neutral
"00:16:58,000","00:17:00,000",أنا مسكة نفسي عنك بالعافية,I'm holding myself healthy about you.,anger
"00:17:00,000","00:17:00,000",ليه,Why?,neutral
"00:17:00,000","00:17:02,000",بقى هطلعلك المصريين اللي جوا,There's still the Egyptians who flew in.,neutral
"00:17:02,000","00:17:04,000",أوريك ما هالمصريين عاملين إزاي,"Eric, what are the Egyptians doing here?",neutral
"00:17:04,000","00:17:06,000",إهدى بقى كده واسمع,Calm down. Stay there and listen.,neutral
"00:17:06,000","00:17:08,000",قلت هنبراكتس,I said Henbractic.,neutral
"00:17:08,000","00:17:10,000",إنت دخلت الملعب,You're on the field.,neutral
"00:17:10,000","00:17:11,000",إيه عملت إيه,What did you do?,neutral
"00:17:11,000","00:17:12,000",حسيت نفسي والله موهوب,"I felt myself, and God is talented.",neutral
"00:17:12,000","00:17:14,000",إنت مولود بتلعب بادل,You're born to play badass.,neutral
"00:17:14,000","00:17:15,000",حسيت نفسي,I felt myself.,neutral
"00:17:15,000","00:17:17,000",وأنا حشت نفسي موهوبة يا أخي سيبني,"And I stuffed myself with talent, brother, my son.",anger
"00:17:17,000","00:17:20,000",بس يا أختي إنت لكي 6 سنوات,"But, sis, you're six years old.",neutral
"00:17:20,000","00:17:21,000",6,Six.,neutral
"00:17:21,000","00:17:23,000",أنا لو لي 6 سنوات في البادل وما سويت شي فيه ليش,I've only had six years in the Bed and I've never settled a thing in it.,anger
"00:17:23,000","00:17:25,000",إذا ما لقيت منه فلاح أمشي,"If I ever catch him, I'll walk.",neutral
"00:17:25,000","00:17:27,000",لازم تتعلمي متى ترحلي من الشي,You need to learn when to walk away from something.,anger
"00:17:27,000","00:17:28,000",يعني لازم تعرف الوقت المناسب,It means you need to know the right time.,neutral
"00:17:28,000","00:17:30,000",أنا فعلاً محتاج أرحل,I really need to leave.,neutral
"00:17:30,000","00:17:32,000",فعلاً محتاج أرحل,I really need to leave.,neutral
"00:17:33,000","00:17:35,000",والله أنا معطيكي الرقم ده عشان مرة ضحكت,"And God, I gave you that number once I laughed.",neutral
"00:17:35,000","00:17:37,000",مرة مرة أنا قاعد أضحك ترى,"Once, I'm just laughing. You see?",neutral
"00:17:37,000","00:17:39,000",جوتي كمان قاعد أضحك أنا إنت حين,Guttie's a violin. I'm laughing. I'm just laughing.,anger
"00:17:39,000","00:17:40,000",كم عطيتني,How much did you give me?,neutral
"00:17:42,000","00:17:43,000",أنا أمشي معك كده بقى,I'm walking with you. That's how it stayed.,neutral
"00:17:53,000","00:17:55,000",بص أنا فهمتهم بيعملوا إيه عمّة,"Look, I get it. They're gonna be fucked up, aunt.",neutral
"00:17:55,000","00:17:57,000",هم بينزلولي أكلة سعودي,They're a Saudi-eating Penzelli.,neutral
"00:17:57,000","00:17:59,000",وبينزلولك مصري تقريباً,And yours is almost Egyptian.,neutral
"00:17:59,000","00:17:59,000",حصل,It happened.,neutral
"00:17:59,000","00:18:01,000",فتعالي نسويتش كده,"Come on, get him.",neutral
"00:18:01,000","00:18:01,000",شان أنا كمان,"Shane, I'm a violin.",neutral
"00:18:01,000","00:18:02,000",ليش على طول كده طب جرب,Why isn't he along with his medicine? Try it.,neutral
"00:18:02,000","00:18:04,000",أنا ما بأكلش لحمة,I don't eat meat.,neutral
"00:18:04,000","00:18:04,000",إيش ده؟,What's that about?,neutral
"00:18:04,000","00:18:05,000",كبسة,Pop.,neutral
"00:18:06,000","00:18:08,000",أنا الدوني,I'm Donnie.,neutral
"00:18:09,000","00:18:09,000",إيش تتوقعي؟,What do you expect?,neutral
"00:18:09,000","00:18:11,000",أقوى أكلة مصرية في العالم,The most powerful Egyptian eater in the world.,neutral
"00:18:11,000","00:18:12,000",ملوخية,A freak.,neutral
"00:18:12,000","00:18:12,000",غلط,Wrong.,neutral
"00:18:13,000","00:18:14,000",أنت كلت؟,You all?,neutral
"00:18:14,000","00:18:14,000",أنت لحقت تأكل؟,You caught eating?,neutral
"00:18:14,000","00:18:16,000",لا والله ما كلت بس حطيت الشوك,"No, God forbid I got the thorns.",neutral
"00:18:16,000","00:18:16,000",ماشي هات,"All right, come on, let's go, let's go, let's go, let's go, let's go, let's go, let's go, let's go, let's go, let's go, let's go, let's go, let's go, let's go, let's go, let's go, let's go.",anger
"00:18:16,000","00:18:17,000",خديها يلا,Take it. Let's go.,neutral
"00:18:17,000","00:18:17,000",هات يا عم,"Come on, Uncle.",neutral
"00:18:18,000","00:18:19,000",خلاص خلاص,Get out! Get out!,neutral
"00:18:20,000","00:18:21,000",أمزح أمزح,I'm kidding. I'm kidding.,neutral
"00:18:21,000","00:18:22,000",خلي الاثنين عندك,Let the two of you have it.,neutral
"00:18:22,000","00:18:22,000",خدي خدي خدي,"Here, here, here.",neutral
"00:18:22,000","00:18:24,000",طيب إيش طلال لنا داحين؟,Okay. Isn't that good for us?,neutral
"00:18:24,000","00:18:25,000",ويدينج ها,Wedding Ha.,neutral
"00:18:27,000","00:18:28,000",مستحيل يصير,There's no way it's gonna happen.,neutral
"00:18:28,000","00:18:29,000",في أحلامك,In your dreams.,neutral
"00:18:29,000","00:18:31,000",طيب لا نتكلم من جد داحين,"Okay, we don't talk very badly.",neutral
"00:18:31,000","00:18:32,000",في الويدينج,In the Wedding.,neutral
"00:18:32,000","00:18:33,000",مين يشيل الليلة؟,Who's Chill tonight?,neutral
"00:18:33,000","00:18:34,000",النص بالنص,Text text,neutral
"00:18:34,000","00:18:35,000",كده أغير رأيه,That's how he changed his mind.,neutral
"00:18:35,000","00:18:37,000",حتى لو أنت مثلة شاطرة تقدر تمثلي,Even if you're such a cosmopolitan who appreciates me.,anger
"00:18:37,000","00:18:39,000",كل الشي خصها الويدينج,It's all Wedding's.,neutral
"00:18:40,000","00:18:41,000",يسويه الولد,The boy settles it.,neutral
"00:18:41,000","00:18:42,000",هي بس تختار,She just chooses.,neutral
"00:18:42,000","00:18:43,000",في وقت الزواج,At the time of the wedding.,neutral
"00:18:43,000","00:18:45,000",ماشي عم أنت كريم ماشي,"All right, Uncle. You're generous. All right.",neutral
"00:18:45,000","00:18:46,000",مو هرجة كريم ولا مكريم,"No creamy, no cream.",neutral
"00:18:46,000","00:18:46,000",هذا الصح,That's right.,neutral
"00:18:46,000","00:18:47,000",اللي يقول غير كده ما يفهم,What he says is that he doesn't understand.,anger
"00:18:47,000","00:18:48,000",ليش في النص بالنص؟,Why in the script?,neutral
"00:18:48,000","00:18:50,000",ليش تحس فيه ناس يقولوا النص بالنص؟,Don't you feel it? People say the script?,neutral
"00:18:50,000","00:18:51,000",مشاركة يعني,Participation means...,neutral
"00:18:51,000","00:18:51,000",مشاركة؟,Engage?,neutral
"00:18:51,000","00:18:53,000",حياتي بتبقى مشاركة,My life stays in check.,neutral
"00:18:53,000","00:18:54,000",هو زواجه مرة واحدة في الحياة,Is marrying him once in a lifetime.,neutral
"00:18:54,000","00:18:56,000",خلاص الماديات في الفرح,The redemption of material in joy.,neutral
"00:18:56,000","00:18:58,000",الولد يشيلها كاملة,The boy cripples her completely.,neutral
"00:18:58,000","00:18:59,000",حاض,Patience.,neutral
"00:18:59,000","00:18:59,000",كلها,Eat it.,neutral
"00:19:00,000","00:19:01,000",أنت تشوفي غير كده؟,You're a different healer?,neutral
"00:19:01,000","00:19:02,000",أنا برأي معاك,I'm with you.,neutral
"00:19:02,000","00:19:03,000",أنت إيه اللي بتكون عكسي بالكلام؟,You're the one who's not talking to me?,neutral
"00:19:03,000","00:19:04,000",أنت عاجبك الكلام,You like to talk.,neutral
"00:19:04,000","00:19:05,000",لماذا بتكون عكسي؟,Why would she be the other way around?,neutral
"00:19:05,000","00:19:06,000",أنت مش عايز تتساعد,You don't want to help.,neutral
"00:19:06,000","00:19:07,000",أنا عم بيلك إيه؟,I'm Billy's uncle?,neutral
"00:19:07,000","00:19:07,000",تمام,Okay.,neutral
"00:19:07,000","00:19:08,000",بتساعديني؟,Help me?,neutral
"00:19:08,000","00:19:09,000",ساعديني بعد الزواج,Help me after the wedding.,neutral
"00:19:09,000","00:19:09,000",لا إيه؟,No. Eh?,neutral
"00:19:09,000","00:19:11,000",اشتريلي هدايا بالعكس,Buy me presents on the contrary.,neutral
"00:19:11,000","00:19:13,000",انت هو ده سيستم بتاعك,You're the one who's gonna listen to you.,neutral
"00:19:13,000","00:19:15,000",بتبدأ اللي هو بتدحل بالواحد,Start with what he's going through with the one.,neutral
"00:19:15,000","00:19:17,000",وبعدين تديله على دماغه,And then you pin it on his brain.,neutral
"00:19:18,000","00:19:18,000",ما هي كده؟,What's that like?,neutral
"00:19:18,000","00:19:19,000",الأول هاي,- First one. - Hey.,neutral
"00:19:19,000","00:19:21,000",آه لذيذ جميل محترم بتاعه,"Ah, delicious, delicious, respectable.",neutral
"00:19:21,000","00:19:22,000",بعدين إيه؟,After what?,neutral
"00:19:23,000","00:19:24,000",أنا محترم,I'm a gentleman.,neutral
"00:19:24,000","00:19:25,000",أيوة أنت محترم أنا مش قارن,You're a gentleman. I'm not a match.,neutral
"00:19:25,000","00:19:26,000",محترمين؟,Respected?,neutral
"00:19:26,000","00:19:26,000",خمسة,Five.,neutral
"00:19:26,000","00:19:27,000",ماشي حل,It's okay. It's okay.,neutral
"00:19:27,000","00:19:30,000",أنت في الأول بتبقى داخل كده هاذي وجميل,You're the first to stay inside. This is beautiful.,neutral
"00:19:30,000","00:19:31,000",وبعدين بتوري بقى وش تاني,And then Tori stayed.,neutral
"00:19:31,000","00:19:32,000",والله العظيم,And God is great.,neutral
"00:19:32,000","00:19:33,000",دلوقتي إيه,"My time, eh?",neutral
"00:19:33,000","00:19:35,000",لا أنا هاصرف أنا على الفرح كله,"No, I'm distracted. I'm all over the joy.",neutral
"00:19:35,000","00:19:36,000",وبعدين بعد الجهوز بقى هاذي,"And then after the prep, he stayed here.",neutral
"00:19:36,000","00:19:38,000",أنت داحين قلتي تبغي مشاركة صح؟,"You said you wanted to share, right?",neutral
"00:19:38,000","00:19:39,000",بجامع؟,At a university?,neutral
"00:19:39,000","00:19:40,000",مشاركة,Participation,neutral
"00:19:40,000","00:19:41,000",ما أبغى بجامع إيش؟,What should I do with Ish?,neutral
"00:19:41,000","00:19:42,000",أبغى بالبجامع,I'm in college.,neutral
"00:19:42,000","00:19:43,000",ما عرفش إنه,I didn't know he was...,neutral
"00:19:43,000","00:19:44,000",الواحد يبغى مشاركة,One should share.,neutral
"00:19:44,000","00:19:46,000",قلت لك الأشياء الحلوة إنك تسويها,I told you sweet things you'd settle.,anger
"00:19:46,000","00:19:47,000",تيجي مناسبة كويسة,"Well, that's a good one.",neutral
"00:19:47,000","00:19:50,000",جيبي لها هدية دا منك تحب إنك تسوي شي معاهم,My pocket has a gift from you. You like to settle something with them.,anger
"00:19:50,000","00:19:51,000",دي المشاركة من وجهة,Dee's going in his direction.,neutral
"00:19:51,000","00:19:53,000",بس البنت المفروض في الماديات ما تتدخل ولا في شي,But the girl who's supposed to be in the material has nothing to do with it.,anger
"00:19:53,000","00:19:54,000",خلاص كل شي يسويه الولد,It's all made up for the boy.,neutral
"00:19:54,000","00:19:57,000",أنا برضو كل ما بحاول أساعد أنت مش عاجبك تمام,I'm glad everything I'm trying to help. You don't like me very well.,anger
"00:19:57,000","00:19:59,000",لا مادياتك ساعد نفسك بيها,"No, your stuff. Help yourself with it.",neutral
"00:19:59,000","00:19:59,000",ما تساعديني,What you're helping me with.,neutral
"00:20:01,000","00:20:05,000",طيب منه ما شاء الله في التمثيل بنمشي وزي كده وبنأحبه وبنتحرك وبنمهم,"Good of him as God wills in acting in a shirt and a uniform and in love with him, and in action and in their sleep.",anger
"00:20:05,000","00:20:07,000",التمثيل بيسوي فلوس كويسة؟,An actress? An actress? An actress?,neutral
"00:20:07,000","00:20:11,000",والله ست سنين كمان وممكن يجيب فلوس أصلا,"And God has six years of violin, and he can even answer for money.",anger
"00:20:11,000","00:20:14,000",ست سنين كمان؟ غير الست سنين اللي بديت فيها؟,"Six years of violin, other than the six years you've been looking at?",anger
"00:20:15,000","00:20:16,000",عشان الصبر,For patience.,neutral
"00:20:16,000","00:20:17,000",الصبر,Patience.,neutral
"00:20:17,000","00:20:18,000",والباشن,And the Pashni.,neutral
"00:20:20,000","00:20:21,000",أيوة أيوة أيوة صح,"Yeah, yeah, yeah.",neutral
"00:20:21,000","00:20:23,000",والله ست سنين اللي راحت هاد يار,"And God, for six years, it's been so hard.",neutral
"00:20:23,000","00:20:24,000",يعني إن شاء الله الله يعطيك على قد نيتك,"It means if God wills, God will give you your will.",anger
"00:20:24,000","00:20:25,000",خسارة من أمري آه,Losing me. Ahh.,neutral
"00:20:25,000","00:20:26,000",الله يعطيك على قد نيتك,God give you your will.,neutral
"00:20:26,000","00:20:28,000",طيب خلينا في الودين,"Okay, let's go with the worms.",neutral
"00:20:28,000","00:20:30,000",إنت عايز تعمل فرح كبير قد إيه؟,You want to make a big cheerleader?,neutral
"00:20:30,000","00:20:31,000",اللي هتتفعل وحدك,What are you gonna do alone?,neutral
"00:20:31,000","00:20:34,000",شوفي هذه الليلة هتكون مرة وحدة في حياتي,"Chevy, tonight will be the lonely time of my life.",neutral
"00:20:35,000","00:20:36,000",لازم أفجرها,I have to blow it up.,neutral
"00:20:36,000","00:20:38,000",مش إيه بقى التفجير اللي إنت هتفجره ده؟,What else are you gonna blow up?,neutral
"00:20:38,000","00:20:40,000",كل الناس اللي عارفهم هيحضروا الفرح,"All the people who knew them, they brought joy.",neutral
"00:20:40,000","00:20:43,000",هجيب مغنين مرة كويسين يغنوا عندي في الفرح,Gibbs singers once. Cosine sings for me in joy.,neutral
"00:20:43,000","00:20:44,000",زي مين؟,Z-min?,neutral
"00:20:44,000","00:20:45,000",عبدالمجيد عبدالله تايفي عبدالمجيد عبدالله؟,Abdullahijid Abdullah Tayfi Abdullahied Abdullahi?,neutral
"00:20:46,000","00:20:47,000",إن شاء الله إني ألحق عليه,"God willing, I'm going after him.",neutral
"00:20:47,000","00:20:50,000",لأنه فجأة يعتزل وفجأة يرجع زي كل أشياء,"'Cause suddenly he quits, and suddenly he comes back dressed like everything else.",anger
"00:20:50,000","00:20:53,000",وعندنا كمان هجيب عمرو دياب تامر حسني,"And we have a violin, Hijab Omar Diab Tamir Hassani.",anger
"00:20:53,000","00:20:55,000",إنت هجيب عمرو دياب وإيه تامر حسني؟,You're Hijab Omar Diab and Tamer Hassani?,neutral
"00:20:55,000","00:20:57,000",تامر حسني لا نفسي أصير صاحب وأجيب الفرح فهمتي؟,"Tamer Hassani, I'm not myself, and I'm happy.",anger
"00:20:58,000","00:21:03,000",الفرح صح تبغي يكون ميكس ولا يكون بنات بس وولاد بس؟,"Joy, right? You want to be Meeks, not girls, but babies?",neutral
"00:21:03,000","00:21:05,000",استنى بس عشان إحنا هنا بقى إيه,"Wait, just because we're here, there's still...",neutral
"00:21:05,000","00:21:07,000",هو ممكن ما يبقىش ميكس؟,Is it possible what leaves Meeks?,neutral
"00:21:07,000","00:21:10,000",هو أكيد مش هيبقى ميكس منتهي الكلام هذا,He's definitely not keeping Meeks out of this.,anger
"00:21:10,000","00:21:12,000",هو إنت بتسألني عن رأيي,He... you're asking me what I think.,neutral
"00:21:12,000","00:21:16,000",بس انت مقرر بس بتسألني عشان يبقى اسمك سأل تاني,But you're just gonna ask me because your name keeps asking again.,anger
"00:21:16,000","00:21:18,000",هنسأل عن رأيي مو قلنا هنفجرها؟,We'll ask what I thought Moe said. We'll blow it up.,anger
"00:21:18,000","00:21:21,000",هنفجرها انت لوحدك وأنا زي ما احنا عادين كده,"We're gonna blow it up on your own, and I'm just like that.",anger
"00:21:21,000","00:21:23,000",نبقى في المية ونتقابل بإذن الله الساعة 2,We stay in the dead and meet with God's permission at 2:00.,anger
"00:21:23,000","00:21:26,000",بس بعد ما نخلص الناس وأنغام تكون رجعت بيتها,"But after we get rid of people, and she's got her house back.",anger
"00:21:26,000","00:21:27,000",هجيب أنغام عند البنات,I go to bed with girls.,neutral
"00:21:27,000","00:21:29,000",هتجيب أنغام عند البنات؟,Will you answer girls' songs?,neutral
"00:21:29,000","00:21:30,000",فيه فرح بنات وفيه فرح وولاد,"There are joys, girls, and there are joys, and children.",neutral
"00:21:30,000","00:21:33,000",الفرس دانس حروس مع مين مع أنغام؟,The Knight Danes Guarded With Who's With Angham?,neutral
"00:21:33,000","00:21:36,000",ايش الفرس دانس هذي شفتي عداته تقاليد بدنا نختلف,"Esh, the Horse, Danes. That's my lips. His enemy is a tradition.",anger
"00:21:36,000","00:21:39,000",يعني العريس والعروسة بيدخلوا الفرح لأول العروسة وبتدخل,It means the bride and groom have the joy of the first bride and step in.,anger
"00:21:39,000","00:21:40,000",هذي تعرفش اسمها الزفة,That's her name.,neutral
"00:21:40,000","00:21:41,000",هتزف الواحدة,You're shaking the one.,neutral
"00:21:42,000","00:21:43,000",اسمحي طب اسمعيني أقولك الزفة دي ايش,"If you'll excuse me. Listen, I'll tell you what, Dish.",anger
"00:21:43,000","00:21:44,000",طب ما ينصح لي عداته التقاليد,Medicine is what my enemy recommends to me.,neutral
"00:21:44,000","00:21:46,000",الزفة الولد هيدخل عند البنات,The boy's girder goes into the girls' room.,anger
"00:21:46,000","00:21:50,000",كل الإضاءات سبوت لايت على الولد مستحيل يشوف الناس بإذن الله,"All lights on the boy, Spot Light. No way people can see by God's leave.",anger
"00:21:50,000","00:21:51,000",بس تريق علينا وهذا الشيء مهم,"We're just gonna take care of this thing, and it's important.",anger
"00:21:52,000","00:21:55,000",طب وليه البنت ما تدخلش عند الولاد ونحط سبوت لايت في وشا,The doctor and the girl don't get in when they're born... and we land the Spot Light in a tattoo.,anger
"00:21:55,000","00:21:57,000",حطي نفسك في الموقف دي ايش تحسي وقتها,"Put yourself in the parking lot, Dish. Feel it then.",anger
"00:21:57,000","00:22:00,000",بنتي ورقة هتكوني وسط كل الولاد اللي هيكونوا فرحة للولاد,My daughter is a piece of paper that will be in the middle of all the kids who are happy for the kids.,anger
"00:22:00,000","00:22:02,000",أنا إذا دخلت أنا ما هشوف ولا أحد,"If I go in, I'm not seen, and no one is.",neutral
"00:22:02,000","00:22:04,000",ليه أنت تيجي فرحي وأنا ما أروحش فرحك,Why don't you come cheer up and I won't cheer you up.,anger
"00:22:04,000","00:22:06,000",افرض أنا عايز أسمع عمرو دياب يا أخي,"I want to hear Imro Diab, bro.",neutral
"00:22:06,000","00:22:10,000",يا أبوي هنحطلك ستيريو هنحطلك صوت عمرو دياب عندك في النادي,"Daddy, you've got a stereo. You've got Omar Diab at the club.",anger
"00:22:10,000","00:22:12,000",ما شغلوا على الراديو أحسن فيه إيه,What they've been doing on the radio is better.,anger
"00:22:12,000","00:22:13,000",فكرة برضو ترى والله حلوة,"An idea that pleases you, and God is sweet.",anger
"00:22:13,000","00:22:15,000",أنت غريب قوي عرفي أنت مستخز,"You're a powerful stranger. You know, you're a prick.",neutral
"00:22:15,000","00:22:18,000",هي هيك خلاص أول فرح المفروض يعني عند الذكر,Heck is the redemption of the first joy. It's supposed to mean in a male.,anger
"00:22:18,000","00:22:20,000",طب أنت جاي هنا ليل نهاردة,You're a doctor. Jay's here night and day.,neutral
"00:22:20,000","00:22:21,000",والله ما أعرف,And God knows what I know.,neutral
"00:22:21,000","00:22:26,000",كان معك تيكل طيارة مفر زيادة فقلت أستخدمها يعني,"You had an extra jet ticker, and I said, ""Use it.""",neutral
"00:22:26,000","00:22:27,000",أنا داحين صرت ما أعرف,I'm a jerk. I'm what I know.,neutral
"00:22:27,000","00:22:28,000",أنت تعبتني,You're tired of me.,neutral
"00:22:28,000","00:22:29,000",أنا بدأت أحرر,I'm getting free.,neutral
"00:22:29,000","00:22:31,000",طب أنتو هتعملوا إيه فرح الرجالة دا,You guys are gonna do a lot of guys cheer.,neutral
"00:22:31,000","00:22:33,000",عمرو دياب تامر حسني عبدالنجيد عبدالله,Imro Diab Tamar Hassani Abdelnejid Abdullah,neutral
"00:22:33,000","00:22:36,000",ونحن نقعد نرقص إلين وقت الزفة,"We're dancing, Ellen, at the time of the wedding.",neutral
"00:22:36,000","00:22:37,000",وقت الزفة,It's time to vomit.,neutral
"00:22:42,000","00:22:44,000",هي الفرح بيبدأ بالزفة,She's the joy of starting to bleed.,neutral
"00:22:44,000","00:22:45,000",وبعدين الفرس دانس,"And then the pony, Dance.",neutral
"00:22:45,000","00:22:48,000",وبعدين الصحاب بيدخلوا بنرقص كلنا مع بعض,And then the guys would have let us all dance together.,neutral
"00:22:48,000","00:22:51,000",يعني أصحاب يرقصوا مع صحاباتك زي كده تحسي,"It means friends who dance with your friends, like you feel.",anger
"00:22:51,000","00:22:53,000",يمكن واحدة تلاقي عريس زيك كده جميل,"One can meet a groom, Zeke. That's nice.",neutral
"00:22:53,000","00:22:55,000",أميزيك أميزيك أميزيك أميزيك,"Amizek, Amizek, Amizek, Amizek, Amizek, Amizek, Amizek, Amizek, Amizek, Amizek, Amizek, Amizek, Amizek, Amizek, Amizek, Amizek, Amizek,",neutral
"00:22:55,000","00:22:56,000",مستحيل,No way.,neutral
"00:22:58,000","00:23:01,000",أنت ليه عايز تعمل فرح مع صحابك الرجالة دول,You wouldn't want to do joy with your fellow men.,anger
"00:23:01,000","00:23:02,000",وإنت ممكن تخرج معاك,And you could go out with you.,neutral
"00:23:02,000","00:23:03,000",إحنا كده,We are.,neutral
"00:23:03,000","00:23:04,000",وأنا كده بقى,And so did I.,neutral
"00:23:04,000","00:23:06,000",طب ما تروح حفلة العمرو دياب,"Some kind of gig for the age party, Diab.",neutral
"00:23:06,000","00:23:08,000",حلو برضو عادي بس حلو إنه حيجي فرحة فهمتي,"It's sweet, it's sweet, it's sweet, it's happy, it's sweet, it's sweet, it's sweet, it's sweet, it's sweet, it's sweet, it's sweet, it's sweet, it's sweet, it's sweet, it's sweet, it's sweet, it's sweet, it's sweet, it's sweet, it's sweet, it's sweet, it's sweet, it's sweet, it's sweet, it's sweet.",anger
"00:23:08,000","00:23:09,000",آه هو جاي لك مخصوص بقى,"Oh, it's Jay for you, especially for the rest of your life.",anger
"00:23:09,000","00:23:11,000",إيه وحتكون مرة ماميري جامدة,"Eh, and it's gonna be a cold mami once.",neutral
"00:23:11,000","00:23:12,000",الإيجو بتاك,Ego Patch.,neutral
"00:23:12,000","00:23:13,000",ليه إيجو,"Why, Ego...",neutral
"00:23:13,000","00:23:14,000",ما عندي إيجو,I don't have Ego.,neutral
"00:23:14,000","00:23:15,000",آه صحيح,"Oh, right.",neutral
"00:23:15,000","00:23:16,000",والله ما عندي,And God doesn't have it.,neutral
"00:23:16,000","00:23:17,000",عمرو دياب جاي فرحة مرة رسول,Omar Diab Jay is joyous once a messenger.,neutral
"00:23:17,000","00:23:18,000",عمل كومبو كونسرت,Combo Consert's business.,neutral
"00:23:18,000","00:23:20,000",عمرو دياب تمرحزني,Imro Diab is sad.,neutral
"00:23:20,000","00:23:21,000",عبد المجيد عبد الله,Abd al-Majid Abdullah,neutral
"00:23:21,000","00:23:22,000",أول واحد يسويها أنا,First one to settle.,neutral
"00:23:22,000","00:23:24,000",بس نلحق قبل ما يعتزل,We'll catch up before he quits.,neutral
"00:23:24,000","00:23:25,000",كلهم لازم نلحقهم قبل ما يعتزلوا,We all have to catch up before they quit.,neutral
"00:23:26,000","00:23:28,000",طب إنت نويت الجوز إمتى يعني بالشكل دا كده على كم سنة,You're a walnut doctor. When does that mean so much for how many years?,anger
"00:23:28,000","00:23:30,000",الله ما يعرف إلا من ربنا يسرها,Allah knows only from our Lord.,neutral
"00:23:30,000","00:23:33,000",طيب أنا عندي سؤال بقى تاني أهم بقى من الفرح خالص,"Well, I've got one question left. The most important remains of pure joy.",anger
"00:23:34,000","00:23:35,000",بالنسبة للهانيمون,For the Hannimons.,neutral
"00:23:35,000","00:23:37,000",طبعاً إنت اللي هتدفع كل حاجة,"Of course, you're the one who's gonna pay for everything.",anger
"00:23:38,000","00:23:39,000",كل القرارات للبنت,All the decisions for the girl.,neutral
"00:23:39,000","00:23:40,000",إنت هتقولي كل شي,You're gonna say everything.,neutral
"00:23:40,000","00:23:42,000",أنا قرر وإنت تدفع,I've decided and you're paying.,neutral
"00:23:43,000","00:23:45,000",ده زي قراري كده لما سألتيني الفرح ميكس ولا,"It's my decision costume. You wouldn't have asked me to be happy, Meeks.",anger
"00:23:45,000","00:23:47,000",هذا شي أصلاً منتهي من قبل اللي هيبدأ,This is already over by what it begins with.,neutral
"00:23:47,000","00:23:48,000",طب سألتني ليه,"Doctor, you asked me why.",neutral
"00:23:48,000","00:23:50,000",أنا قلتلك الهانيمون حيكون,"I told you, Hanyun Haikuon.",neutral
"00:23:50,000","00:23:53,000",على إنه البنت تطلب كل حاجة في الهانيمون,It's the girl asking for everything in the Hanemon.,anger
"00:23:53,000","00:23:55,000",هي اللي تبغى إن شاء الله لو تبقى تطلع المريخ,"God willing, she should still be looking for Mars.",neutral
"00:23:55,000","00:23:57,000",صعب بس نحن نكلم إلو المسك نشوف حل معاه ولا حاجة,"It's hard, but we're talking. Ello, we'll figure something out.",anger
"00:23:57,000","00:23:59,000",مش صاحبك يعني,Doesn't your buddy mean,neutral
"00:24:01,000","00:24:03,000",إديتك رقم حلو عمات,Yours is an aunty number.,neutral
"00:24:03,000","00:24:04,000",نفس,Same.,neutral
"00:24:04,000","00:24:06,000",عشان إنت قلت حاجة حلو,Because if you said sweet need...,neutral
"00:24:06,000","00:24:08,000",إيه وأنا كمان نفس الشي بالضبط,"Eh, and I'm exactly the same.",neutral
"00:24:08,000","00:24:09,000",إنت قلت كل حاجة حلوة,You said all the sweet stuff.,neutral
"00:24:09,000","00:24:10,000",ربنا يخليك,May God free you.,neutral
"00:24:11,000","00:24:13,000",أخيراً اللي حشوفه الممثلة,Finally what the actress showed.,neutral
"00:24:13,000","00:24:15,000",تتوقع حننزل تاني ولا لا؟,You expect a second motel or not?,neutral
"00:24:24,000","00:24:25,000",السلام عليكم,Peace be with you.,neutral
"00:24:25,000","00:24:26,000",حتين,Even though...,neutral
"00:24:26,000","00:24:27,000",حتين جيدة,Even good.,neutral
"00:24:27,000","00:24:28,000",والله صعب مرة,And God is hard once.,neutral
"00:24:28,000","00:24:30,000",حتين سهل فعلاً,Easy even.,neutral
"00:24:30,000","00:24:31,000",وإديتني إيه بقى,And you showed me what's left.,neutral
"00:24:34,000","00:24:36,000",عشان إنت ما تبي تغير أي قرار في حياتك,Because you never change a decision in your life.,anger
"00:24:36,000","00:24:37,000",ولا أنت والله,Neither are you and God.,neutral
"00:24:37,000","00:24:39,000",أنا كلامي مقنع شوي,"I'm convincing, Zoe.",neutral
"00:24:39,000","00:24:41,000",صح صح صح,Right. Right.,neutral
"00:24:41,000","00:24:43,000",إنت جاي بقى عامل حسابك على جوازة على طول,You're Jay. You're still working on a passport along the way.,anger
"00:24:43,000","00:24:45,000",يعني كانت,"I mean, she was...",neutral
"00:24:45,000","00:24:46,000",هذا معصوب,That's blindfolded.,neutral
"00:24:46,000","00:24:47,000",ده إيه ده؟,Eh-Eh-Eh?,neutral
"00:24:48,000","00:24:49,000",يعني إيه؟,Meaning eh?,neutral
"00:24:49,000","00:24:50,000",يعني إنت هتاخد ده,It means you're taking it.,neutral
"00:24:50,000","00:24:51,000",وإلا نأكل مع بعض إيش رأيك؟,Or else we'll eat together. What do you think?,neutral
"00:24:51,000","00:24:53,000",طب إستنى أنا هدق و أديهولك كده كده,Wait a minute. I'm a thriller. I'll give you that.,anger
"00:24:53,000","00:24:54,000",أوكي نايس,"Okay, Nice.",neutral
"00:24:55,000","00:24:57,000",هذا إيش بس أنا ما أعرف والله,"That's Ish, but I don't know. God.",neutral
"00:24:57,000","00:24:58,000",ده موز,That's bananas.,neutral
"00:24:58,000","00:25:00,000",إيه والجوه موز فيه موز,And it's bananas in it.,neutral
"00:25:00,000","00:25:02,000",ليل ديه درجة كده ما أعجبك,Lil has a degree. That's how you like it.,neutral
"00:25:02,000","00:25:03,000",يا أم علي,"Hey, mom, Ali.",neutral
"00:25:06,000","00:25:08,000",طب إنت دوقت أم علي قبل كده؟,You're the Duchess or me before that?,neutral
"00:25:08,000","00:25:09,000",إيه كتير,E-cater.,neutral
"00:25:10,000","00:25:12,000",هذا أحلى شي صار في حلقة اليوم,That's the sweetest thing ever.,neutral
"00:25:15,000","00:25:16,000",ماي تايت ما أتاتني واحد,May Tate never got me one.,neutral
"00:25:16,000","00:25:17,000",تستهل,You start.,neutral
"00:25:17,000","00:25:19,000",إنتي قلتي ما شعر و مدل فيه أشياء يعني,You said what he felt and spoiled things that meant.,anger
"00:25:19,000","00:25:20,000",بس إنت كريم عمتاً يعني,But you're generous. Aunty means...,neutral
"00:25:20,000","00:25:21,000",فدتيني واحد,You got me one.,neutral
"00:25:21,000","00:25:22,000",أنا ميني كريم؟,I'm Minnie Cream?,neutral
"00:25:22,000","00:25:23,000",إنت كريم في الأرقام,You're generous in numbers.,neutral
"00:25:24,000","00:25:25,000",يعني الحين ماي تايت بديتك خمسة صح؟,"It means right now, May Tate, you're five, right?",neutral
"00:25:25,000","00:25:26,000",أه,Uh...,neutral
"00:25:26,000","00:25:28,000",الرد فلاكز إنتي مرة ضحكتيني,"Flacks, you once laughed at me.",neutral
"00:25:28,000","00:25:30,000",أنا شو أنت جاي الكلون؟,I'm Shaw. You're Jay Chloe?,neutral
"00:25:30,000","00:25:32,000",لا جاي ضحكت يعني حلو,"No, Jay laughed. It means sweet.",neutral
"00:25:32,000","00:25:34,000",الكلام كان الموضوع ضحك يعني و كده,Talking was a laugh. That's it.,neutral
"00:25:34,000","00:25:36,000",إيه الوادينغ مالو؟,What's the Wading Mallow?,neutral
"00:25:38,000","00:25:39,000",فدتني,You got me.,neutral
"00:25:39,000","00:25:41,000",سالف مية ألف وتسعمية و سبعة و ستين,Twenty-seven.,neutral
"00:25:41,000","00:25:43,000",جبت مني تسعمية و سبعة و ستين,You've got me nine and sixty-seven.,neutral
"00:25:43,000","00:25:44,000",بالزكاة كترت,Zach card.,neutral
"00:25:44,000","00:25:45,000",كترت,Cart.,neutral
"00:25:45,000","00:25:46,000",كتر,"Hey, hey, hey, hey, hey, hey, hey, hey, hey, hey, hey, hey, hey, hey, hey, hey, hey, hey, hey, hey, hey, hey, hey, hey, hey, hey, hey, hey, hey, hey, hey, hey.",neutral
"00:25:46,000","00:25:47,000",كتر الله خيري,God's saving my charity.,neutral
"00:25:47,000","00:25:49,000",كتر خيرك فعلاً,Your very best.,neutral
"00:25:49,000","00:25:51,000",كتر خيرك إنت هركبت الطيارة,Good for you. You took off the plane.,neutral
"00:25:51,000","00:25:52,000",وقيت,And I...,neutral
"00:25:52,000","00:25:53,000",والله أنا بصرت,"And God, I've seen it.",neutral
"00:25:53,000","00:25:54,000",ولبس بابيون,And wear papion.,neutral
"00:25:54,000","00:25:55,000",كيف بس؟,How's that?,neutral
"00:25:56,000","00:25:57,000",كيف فرحك لما لبس كده دلوقتي؟,How do you feel about what I'm wearing?,neutral
"00:25:57,000","00:25:58,000",ثوب,A dress.,neutral
"00:25:58,000","00:25:59,000",ثوب؟,A dress?,neutral
"00:25:59,000","00:26:00,000",آي,Aye.,neutral
"00:26:00,000","00:26:02,000",أيوة صح ما تبقى مع صحابك بقى,What's left with your friends is left.,neutral
"00:26:02,000","00:26:03,000",صحابي الأولاد و عمرو ديافو,Boys' friends and Omar Diafu.,neutral
"00:26:03,000","00:26:04,000",أيوة و عمرو ديافو,"Yeah, and Imro Diafu.",neutral
"00:26:04,000","00:26:05,000",هنتجنن عليها كلها,You're gonna get all over it.,neutral
"00:26:05,000","00:26:06,000",وتمرحوسني و,"And you're freaking me out, and...",neutral
"00:26:06,000","00:26:07,000",عبدالمجيد عبدالله,Abdaljid Abdullah,neutral
"00:26:07,000","00:26:08,000",قبل ما يعني,Before he means...,neutral
"00:26:08,000","00:26:09,000",لازم تسمعي لازم تسمعي لازم,You need to hear. You need to hear.,neutral
"00:26:10,000","00:26:11,000",لا تنسوا تعملوا لايك للفيديو ديا,Don't forget to work on the video.,neutral
"00:26:11,000","00:26:14,000",وعملوا فاولو البنش سويكل على كل السوشال ميديا بلاتفولب,"And they made Falo the Bunch Swiggles on all the slashes, Media Platvolp.",anger
"00:26:14,000","00:26:16,000",أنت أنا لشان أنت جاي مصر بتاكل أكل سعودي,You're me. You're Jay. Egypt eating Saudi.,neutral
"00:26:16,000","00:26:17,000",وتنكد علي,And lean on me.,neutral
"00:26:17,000","00:26:19,000",أنا اتفاجئت أنه هذا فيه,I'm surprised it's in him.,neutral
"00:26:19,000","00:26:21,000",أنا ما قلت لك معصوب في واحدة من الاثنين,I never told you blindfolded on one of the two.,anger
"00:26:22,000","00:26:23,000",يا ماي تايب يا ويدين,"Hey, May Tip, Wadeine.",neutral
"00:26:23,000","00:26:24,000",قلت لك دلوقتي هنزل معصوب,"I told you right now, I'm going down blind.",neutral
"00:26:24,000","00:26:25,000",شوف هنزل فقط شي,There's just one thing coming down.,neutral
"00:26:25,000","00:26:27,000",أوه ده اللي أنت قلته هو,"Oh, that's what you said.",neutral
"00:26:27,000","00:26:28,000",موز,Bananas.,neutral
"00:26:28,000","00:26:30,000",عايز تحط موز في الفرح,I want bananas in joy.,neutral
"00:26:30,000","00:26:32,000",والله العظيم مرة ما هيكون في الفرح,And God is great. Once they're in joy.,neutral
"00:26:32,000","00:26:33,000",الفرح كبسها,Joy's pinned.,neutral
"00:26:33,000","00:26:34,000",فالجزء الرجالي بقى,The male part stays.,neutral
"00:26:34,000","00:26:36,000",الجزء الرجالي شوف أنا في الرجالي,The guys part. I'm in the guys.,neutral
"00:26:36,000","00:26:37,000",هيك القرارات كلها اللي بيجي,"Heck, all the decisions Peggy made.",neutral
"00:26:37,000","00:26:38,000",كلها اللي بيجي,All Peggy.,neutral
"00:26:38,000","00:26:40,000",وبعدها نحط الفرح على البلاد,And then we put joy on the country.,neutral
"00:00:00,000","00:00:01,000",آه يعني أنت تخينة شوي؟,"Ah, you mean you're cheating on Choi?",neutral
"00:00:01,000","00:00:04,000",أنت رود أو بجح أو وقح,You're a Rhod or a slut or a slut.,neutral
"00:00:04,000","00:00:06,000",ده The Blind Date Show,That's the Blind Date Show.,neutral
"00:00:06,000","00:00:08,000",ودول اتنين مايعرفوش بعض,And countries that don't know each other.,neutral
"00:00:16,000","00:00:17,000",كل واحد فيهم مش شايف التاني,Every single one of them isn't the next one.,neutral
"00:00:17,000","00:00:19,000",وبينهم الحيطة دي,"And there's a precaution in them, D.",neutral
"00:00:19,000","00:00:22,000",البلاين ديت بتاعنا عبارة عن ثري راونز,Blaine Ditt. Ours is a rich Rawnes.,neutral
"00:00:22,000","00:00:25,000",كل راونز بينزل لهم موضوع لازم يتكلموا فيه,All the Ransom Penzels have a subject to talk about.,neutral
"00:00:25,000","00:00:27,000",المواضيع ديها علاقة بالجواز,The subject has something to do with the passport.,neutral
"00:00:27,000","00:00:28,000",لبس,Clothes.,neutral
"00:00:28,000","00:00:28,000",فلوس,Folks.,neutral
"00:00:28,000","00:00:29,000",شغل,Play.,neutral
"00:00:29,000","00:00:30,000",وحاجات تانية كتير,And many more needs.,neutral
"00:00:30,000","00:00:31,000",بعد كل راوند,After every rhubarb.,neutral
"00:00:31,000","00:00:33,000",كل واحد بيدي التاني ريتينغ,"I've got everyone in my own hands, Ritteng.",anger
"00:00:33,000","00:00:36,000",على حسب هم شبه بعض الدي إيه في الراوند دي,They're similar to some DEA at the Rhinod D.,neutral
"00:00:36,000","00:00:39,000",وفي الآخر قبل ما كل واحد يعرف كان قاعد في ديت مع مين,"And on the other hand, before everyone knew it, it was a Dette rule with Min.",anger
"00:00:39,000","00:00:41,000",بيقرروا لو هينزلوا ديت تاني ولا لا,They decide whether or not Henslow Dit Tani.,neutral
"00:00:41,000","00:00:44,000",كتير من تاني,That's a lot more than that.,neutral
"00:00:59,000","00:00:59,000",هاي,Hey.,neutral
"00:00:59,000","00:01:00,000",هاي,Hey.,neutral
"00:01:00,000","00:01:02,000",وأخيراً قدرت أحكي,"Finally, I could tell.",neutral
"00:01:02,000","00:01:03,000",إزايك؟,Isaac?,neutral
"00:01:03,000","00:01:04,000",تمام إزايك أنت؟,All right. You?,neutral
"00:01:04,000","00:01:05,000",الأخبار,News.,neutral
"00:01:05,000","00:01:07,000",تمام الأخبار عم بقايا؟,"All right, what's the remains?",neutral
"00:01:07,000","00:01:09,000",أنت مش مصري,You're not Egyptian.,neutral
"00:01:09,000","00:01:10,000",أنا مش مصري,I'm not Egyptian.,neutral
"00:01:11,000","00:01:12,000",منين؟,From where?,neutral
"00:01:12,000","00:01:14,000",يعني ممكن هيك لقدام أشوف إذا بتحزني,It means heck to come see if I'm sad.,neutral
"00:01:14,000","00:01:15,000",هيك؟,Heck?,neutral
"00:01:15,000","00:01:16,000",يبقى لبنان,Lebanon stays.,neutral
"00:01:16,000","00:01:16,000",لبناني؟,Lebanese?,neutral
"00:01:16,000","00:01:17,000",أجل,Yeah.,neutral
"00:01:17,000","00:01:18,000",سوريا؟,Syria?,neutral
"00:01:18,000","00:01:19,000",لا,No.,neutral
"00:01:19,000","00:01:21,000",أنت برجل إيه طيب؟,"You're a good man, aren't you?",neutral
"00:01:21,000","00:01:22,000",عذراء,Virgin.,neutral
"00:01:23,000","00:01:24,000",العذراء,Virgin.,neutral
"00:01:24,000","00:01:24,000",أنت برجل إيه؟,You with a man?,neutral
"00:01:24,000","00:01:25,000",الأسد,Leo!,neutral
"00:01:25,000","00:01:28,000",بس هيك فاهمة علي منيها أنا جايب أحكي وأنت فاهمة علي,"But heck, I get it. I get it. I get it.",neutral
"00:01:28,000","00:01:29,000",فاللهجة لأسد كمان,The tone is for a violin lion.,neutral
"00:01:29,000","00:01:30,000",لماحة,For a glimpse.,neutral
"00:01:31,000","00:01:32,000",برجل إيش؟,With the Ish guy?,neutral
"00:01:33,000","00:01:35,000",أنت كمان مش بتركز من أولها؟,"You're not focused, are you?",neutral
"00:01:35,000","00:01:36,000",آه بتخوفي شوي الأسد,"Oh, I'm afraid, grill the lion.",neutral
"00:01:36,000","00:01:37,000",شوي,Choi.,neutral
"00:01:37,000","00:01:38,000",طيب أنا عايزة أعرف أنت مين بجد,"Okay, I want to know. You're serious.",neutral
"00:01:38,000","00:01:40,000",مش تونس مش مغرب,Not Tunisia. Not Moroccan.,neutral
"00:01:40,000","00:01:41,000",لا بعيد شوي,"Not far, Choi.",neutral
"00:01:41,000","00:01:42,000",أردن؟,Arden?,neutral
"00:01:42,000","00:01:43,000",يعني ممكن,It means it's possible.,neutral
"00:01:43,000","00:01:44,000",من أردن؟,Who's Arden?,neutral
"00:01:44,000","00:01:45,000",من الأردن نعم,From Jordan. Yeah.,neutral
"00:01:45,000","00:01:46,000",بتعرف إيه أنا اسم الأردن؟,Know what the name of Jordan is?,neutral
"00:01:46,000","00:01:47,000",لا ما أعرفش,"No, I don't.",neutral
"00:01:47,000","00:01:49,000",ما عم بك سمعتي أنا إيه حدا من الأردن؟,"What about you, my reputation I'm any different from Jordan?",anger
"00:01:49,000","00:01:50,000",لا خالص,"No, pure.",neutral
"00:01:50,000","00:01:51,000",ما بتعرفيش حاجة عن الأردن؟,What do you know about Jordan?,neutral
"00:01:52,000","00:01:53,000",والله هي مشكلة صراحة,And God is a problem. Honestly.,neutral
"00:01:53,000","00:01:54,000",آخري حدود مصر,Last of Egypt's border.,neutral
"00:01:54,000","00:01:56,000",طيب أنت عندك كم سنة؟,"Well, you've had how many years?",neutral
"00:01:56,000","00:01:57,000",22 وأنت؟,And you're 22?,neutral
"00:01:57,000","00:01:58,000",آه والله صغيرة,"Oh, and God is young.",neutral
"00:01:58,000","00:01:59,000",أنا 27,I'm 27.,neutral
"00:01:59,000","00:02:01,000",مش فرق مش كبير يعني,It doesn't make a difference. It doesn't mean big.,anger
"00:02:01,000","00:02:03,000",حسب الكلام هلأ بيبين معنا,"Hey, Pippin with us.",neutral
"00:02:03,000","00:02:04,000",أوكي نشوف,"Okay, we'll see.",neutral
"00:02:04,000","00:02:05,000",طيب شو بتدرسين؟,"Okay, Shaw, you're studying?",neutral
"00:02:05,000","00:02:07,000",أنا في كلية حقوق,I'm in law school.,neutral
"00:02:07,000","00:02:08,000",حقوق وحامية وهيك؟,Rights and protector and heck?,neutral
"00:02:08,000","00:02:09,000",آه عنيدة,Ugh. Stubborn.,neutral
"00:02:09,000","00:02:11,000",قانون قضايا ومن بدايتها؟,Case law from the beginning?,neutral
"00:02:11,000","00:02:13,000",لا مين بيحب المشاكل؟,No. Who likes trouble?,neutral
"00:02:13,000","00:02:15,000",يعني إحنا هنتمشكل من أولها عشان,It means we're being formed by the first of them.,anger
"00:02:15,000","00:02:16,000",لا لا أبداً,"No, not at all.",neutral
"00:02:16,000","00:02:16,000",آه؟,Ah?,neutral
"00:02:16,000","00:02:17,000",أبداً,Never.,neutral
"00:02:17,000","00:02:18,000",يعني هتكوني سهلة,It means you're easy.,neutral
"00:02:19,000","00:02:19,000",نعم؟,Yeah?,neutral
"00:02:19,000","00:02:21,000",هتكوني سهلة؟,You gonna be easy?,neutral
"00:02:21,000","00:02:23,000",لا لا مش هبسهلة برضه,"No, it's not easy for him to say yes.",neutral
"00:02:23,000","00:02:24,000",طب أنا عندي سؤال,I have a question.,neutral
"00:02:24,000","00:02:25,000",أنا مش عارف إيش أناديكي مبدئياً,I don't know what to call you in principle.,neutral
"00:02:25,000","00:02:27,000",تعالي نختار إيه على أسماء؟,"Come on, pick what names?",neutral
"00:02:27,000","00:02:27,000",حلو,Sweet.,neutral
"00:02:27,000","00:02:29,000",بس أسماء أجنبية بقى اللي هو,But only foreign names remain.,neutral
"00:02:29,000","00:02:29,000",out of the box,out of the box,neutral
"00:02:29,000","00:02:31,000",أنا بحب الأسماء العربية أكتر صراحة,I like Arab names better. Honestly.,neutral
"00:02:31,000","00:02:33,000",طيب خلاص أنت اختار وأنا اختار,"Okay, well, you chose, and I chose.",neutral
"00:02:33,000","00:02:35,000",يعني أنا حاسب ممكن تكوني سارة,It means I'm a computer. You can be Sarah.,neutral
"00:02:35,000","00:02:37,000",إنه كانوا يسموني سارة,They used to call me Sarah.,neutral
"00:02:37,000","00:02:37,000",سارة اسم حلو,Sarah's a sweet name.,neutral
"00:02:37,000","00:02:38,000",كانوا يسموني اسم أبشع,They used to call me a horrid name.,neutral
"00:02:38,000","00:02:39,000",شو اسمه؟,Shaw's name?,neutral
"00:02:39,000","00:02:40,000",أمورة,His stuff.,neutral
"00:02:40,000","00:02:40,000",إيه؟,Eh?,neutral
"00:02:40,000","00:02:42,000",كانوا يسموني أمورة,They used to call me his things.,neutral
"00:02:42,000","00:02:42,000",أمورة؟,His stuff?,neutral
"00:02:42,000","00:02:43,000",أوه,Oh.,neutral
"00:02:44,000","00:02:45,000",وفي اسم أمورة؟,In the name of his affairs?,neutral
"00:02:45,000","00:02:46,000",أنا بعرف هذا وسط,I know this in the middle.,neutral
"00:02:46,000","00:02:48,000",في أمر في أمر في أمورة,Something about him.,neutral
"00:02:48,000","00:02:49,000",آه في أمر بس أمورة,"Oh, it's just... it's just... it's just... it's just... it's just...",anger
"00:02:49,000","00:02:50,000",الحمد لله هم صراحة,Thank God they're honest.,neutral
"00:02:57,000","00:02:58,000",حسن؟,Okay?,neutral
"00:02:58,000","00:02:59,000",مع أنه بعيد عني شوي بس أوكي,"Even though it's a long way from me, it's just okay.",anger
"00:03:01,000","00:03:02,000",لا هاي أول مرة,"No, it's the first time.",neutral
"00:03:02,000","00:03:03,000",وأنا كمان أول مرة,And I'm a violin for the first time.,neutral
"00:03:03,000","00:03:04,000",كيف شايف التجربة؟,How's the experiment?,neutral
"00:03:04,000","00:03:06,000",موترة شوي بصراحة,"Shwe's motor, honestly.",neutral
"00:03:06,000","00:03:06,000",بس يعني,It means...,neutral
"00:03:06,000","00:03:07,000",هي صعبة شوي صح؟,"She's tough, huh?",neutral
"00:03:07,000","00:03:09,000",بس حسن بدأت أفك شوي بالكلام,It's okay. I'm starting to talk.,neutral
"00:03:09,000","00:03:10,000",هنتعود هنتعود,- We're ready. - We're gonna go.,neutral
"00:03:10,000","00:03:11,000",يلا هلأ منشوف,"Hey, hey, hey, hey, hey, hey, hey, hey, hey, hey, hey, hey, hey, hey, hey, hey, hey, hey, hey, hey, hey, hey, hey, hey, hey, hey, hey, hey, hey, hey, hey, hey!",anger
"00:03:21,000","00:03:22,000",نزلك إيه؟,Your... your... your... your... your... your... your... your... your... your... your... your... your... your... your... your...,neutral
"00:03:22,000","00:03:23,000",نزلي مشروم سوب,Shore-shop mooring.,neutral
"00:03:25,000","00:03:25,000",مشروم؟,Mushrooms?,neutral
"00:03:25,000","00:03:26,000",آه,Aah!,neutral
"00:03:26,000","00:03:26,000",تحبين؟,Love?,neutral
"00:03:26,000","00:03:27,000",الحمد لله,Thank God.,neutral
"00:03:27,000","00:03:28,000",لا لا عندي حسية من مشروم,"No, no. I have a sense of mushrooms.",neutral
"00:03:28,000","00:03:29,000",عنديك حسية من مشروم؟,You have a sense of mushrooms?,neutral
"00:03:30,000","00:03:31,000",وأنا ما بأهبهوش كتير بايضا,And I don't brag too much either.,neutral
"00:03:31,000","00:03:32,000",طب تاخد بتاعتي؟,Doctors taking my stuff?,neutral
"00:03:32,000","00:03:33,000",إنتي إنتي عنديك إيش؟,You've got an Ish?,neutral
"00:03:34,000","00:03:35,000",توميتو سوب,Tomitto soup.,neutral
"00:03:35,000","00:03:36,000",لطيف,Nice.,neutral
"00:03:36,000","00:03:37,000",تجربها؟,Try it?,neutral
"00:03:37,000","00:03:38,000",بدل,Change.,neutral
"00:03:38,000","00:03:39,000",عادي والحساسية بتاعتي؟,Normal and allergic to my stuff?,neutral
"00:03:39,000","00:03:41,000",آه صح نسيت أنا,"Oh, right. I forgot.",neutral
"00:03:41,000","00:03:41,000",أناني,Selfish.,neutral
"00:03:41,000","00:03:42,000",سوري,Suri!,neutral
"00:03:42,000","00:03:43,000",لا مش أناني أنا نسيت,"No, it's not selfish. I forgot.",neutral
"00:03:43,000","00:03:43,000",يعني عادي,It means normal.,neutral
"00:03:43,000","00:03:44,000",طب أدوها و أديها لك,I did it and I did it for you.,neutral
"00:03:44,000","00:03:45,000",مفيش داعي,There's no need.,neutral
"00:03:45,000","00:03:46,000",أحرقته ولا إيه؟,"You burned it, didn't you?",neutral
"00:03:46,000","00:03:48,000",آه أنا نسيت,"Oh, I forgot.",neutral
"00:03:48,000","00:03:50,000",فحسيت حالي عملت مشكلة كبيرة,I felt it. I did a big deal.,neutral
"00:03:50,000","00:03:50,000",لا لا لا أبدا,"No, no, no, not at all.",neutral
"00:03:50,000","00:03:51,000",مفيش مشكلة,No problem.,neutral
"00:03:51,000","00:03:53,000",إنت شايف السيجمنت اللي عندنا إيه؟,"You're the segmet chef we've got, eh?",neutral
"00:03:53,000","00:03:54,000",dream guy و dream girl,♪ dream guy and dream girl ♪,neutral
"00:03:54,000","00:03:57,000",احكي لي أكتر عن فتاة أحلامك,Tell me more about your dream girl.,neutral
"00:03:57,000","00:03:57,000",عارف أن أنتو,I know that you are.,neutral
"00:03:57,000","00:03:58,000",بتحس إنه ممكن,It feels possible.,neutral
"00:03:58,000","00:04:00,000",عارف أنا برج العذراء بيكي قوي,I know. I'm the Virgin Tower. Becky's strong.,neutral
"00:04:00,000","00:04:02,000",عنا مشاكل صراحة و عقد نفسية,"We have issues, frankly, and a psychological contract.",neutral
"00:04:02,000","00:04:03,000",إنت معترف؟,You're a confessor?,neutral
"00:04:03,000","00:04:04,000",عادي كده؟,Normal like that?,neutral
"00:04:04,000","00:04:04,000",يعني نعم,It means yes.,neutral
"00:04:04,000","00:04:05,000",طب جمّل الكلام,Precisely speaking medicine.,neutral
"00:04:05,000","00:04:07,000",إنه إحنا برج العذراء شوي صعبين,It's the Virgin Tower. It's tough.,neutral
"00:04:07,000","00:04:08,000",بصريحين,Honestly.,neutral
"00:04:08,000","00:04:09,000",هو أنا ما بجامل كمان,It's me. I'm not flattered.,neutral
"00:04:09,000","00:04:10,000",بس مرات تعمل لي,Just times you work for me.,neutral
"00:04:11,000","00:04:12,000",دي حاجة حلوة إنه إنت direct,Dee is a sweet need. It's you.,neutral
"00:04:12,000","00:04:14,000",أنا حاسك إنت اللي مش direct,I'm your gut. You're the one who's not direct.,anger
"00:04:14,000","00:04:14,000",أنا مش direct؟,I'm not direct?,neutral
"00:04:14,000","00:04:15,000",تحب تلف و تدوري,She likes to twist and spin.,neutral
"00:04:15,000","00:04:17,000",طب يوليني مش سالكة,Dr. Yulini isn't safe.,neutral
"00:04:17,000","00:04:19,000",طيب بتحسي حالك سهلة ولا صعبة؟,"Okay, how are you feeling? Easy and not easy?",neutral
"00:04:22,000","00:04:23,000",طيب دي أسألك سؤال,"Okay, Dee, I'm asking you a question.",neutral
"00:04:23,000","00:04:24,000",إنتي فتاة..,You're a girl.,neutral
"00:04:25,000","00:04:27,000",أوكي دي أسألك سؤال,"Okay, Dee, I'm asking you a question.",neutral
"00:04:27,000","00:04:28,000",حكي لي الصفات فتاة أحلامك,Tell me the qualities of the girl of your dreams.,anger
"00:04:28,000","00:04:30,000",يكون جدع دي أهم حاجة,Grand Dee is the most important need.,neutral
"00:04:30,000","00:04:33,000",يكون بيحترمني جداً و يحترم موجودي جداً جداً,"He respects me very, very, very, very, very, very, very, very, very, very, very, very, very, very, very, very, very, very, very, very, very, very, very, very, very, very, very, very, very...",neutral
"00:04:33,000","00:04:35,000",و يكون بيعرف يعبر عن مشاعره,And he's a jerk who expresses his feelings.,anger
"00:04:35,000","00:04:36,000",أنا ما أعرف شعاري,I don't know my motto.,neutral
"00:04:37,000","00:04:37,000",أنا تتعلم,I'm learning.,neutral
"00:04:37,000","00:04:39,000",لما الواحد بيأخذ على الإنسان اللي قدامه,Why does one take the one that comes before him?,neutral
"00:04:39,000","00:04:41,000",بيبدأ إنه هو open up أكتر,It's starting to be open up more.,neutral
"00:04:41,000","00:04:42,000",بيشارك أكتر مشاعره,He shares his most intense feelings.,neutral
"00:04:42,000","00:04:43,000",آه إنتي بلش تساعديني من هسه,"Oh, you're not helping me.",neutral
"00:04:43,000","00:04:44,000",هنحاول هنحاول,We're gonna try. We're gonna try.,neutral
"00:04:45,000","00:04:46,000",طب إنت كشكل,You're a form of medicine.,neutral
"00:04:46,000","00:04:48,000",متخيل مثلاً فتاة أحلامك عاملة إزاي؟,"Imagine, for example, the girl of your dreams, working for Izzy?",anger
"00:04:48,000","00:04:50,000",أنا بحب البنت تكون جميلة,I love a girl. She's beautiful.,neutral
"00:04:50,000","00:04:54,000",خلينا أحكي يعني ما تكون لون شعرها أشجر,Let me tell you what the color of her hair is.,anger
"00:04:54,000","00:04:55,000",مثلاً,Like...,neutral
"00:04:55,000","00:04:56,000",عيون مش ملونين عادي,No ordinary colored eyes.,neutral
"00:04:56,000","00:04:58,000",ما أحب العيون مش ملونين,I don't like the eyes. They're not colorful.,neutral
"00:04:59,000","00:04:59,000",بتلعب جيم,By playing Jim.,neutral
"00:05:00,000","00:05:02,000",شخصيتها مرحة وحلوة يعني,Her character is fun and sweet means,neutral
"00:05:02,000","00:05:03,000",هيك يعني,Heck means...,neutral
"00:05:03,000","00:05:04,000",perfect يعني,Perfect means...,neutral
"00:05:04,000","00:05:05,000",مش perfect يعني عادي ممكن,Not perfect means normal as possible.,neutral
"00:05:05,000","00:05:07,000",أنا بالنسبة لي الشخصية مهمة يعني كثير,"For me, character means a lot.",neutral
"00:05:07,000","00:05:08,000",والجمال مهم,Beauty is important.,neutral
"00:05:08,000","00:05:10,000",بس ما بقدر أشيل هاي أو هاي,"It's just as much as Ashelle. Hey, hey, hey.",neutral
"00:05:10,000","00:05:11,000",إنتي بتلعب جيم؟,You're playing Jim?,neutral
"00:05:11,000","00:05:11,000",قليل قوي,A few strong.,neutral
"00:05:11,000","00:05:13,000",تهتمين بنظام الأكل تبعك؟,You care about your eating system?,neutral
"00:05:13,000","00:05:14,000",أو الدايت خلينا أحكي,Or the date. Let me tell.,neutral
"00:05:14,000","00:05:15,000",بص مش دايماً,"Look, it's not always...",neutral
"00:05:15,000","00:05:18,000",يعني الواحد برضو بيجي عليه فترة بيكون عايز يأكل يعني يبسط,It means one Peggy's consent has a Beckon period that wants to eat means simple.,anger
"00:05:18,000","00:05:20,000",آه يعني إنتي تخينة شوي؟,"Oh, you mean you're cheating on Choi?",neutral
"00:05:20,000","00:05:21,000",في مشكلة؟,In trouble?,neutral
"00:05:21,000","00:05:22,000",لا لا أنا بس بسألت,"No, no, I just asked.",neutral
"00:05:22,000","00:05:24,000",أنا بشوف نفسي balanced راضية,I'm seeing myself satisfied balanced.,neutral
"00:05:24,000","00:05:26,000",بس أنت يعني جريئ جداً,But you mean very bold.,neutral
"00:05:26,000","00:05:28,000",فيه ولد يسأل بنت سؤال زي ده,There's a boy asking a girl a question like that.,anger
"00:05:28,000","00:05:29,000",حكيت لك إني أنا صريح,"I told you, I'm being honest.",neutral
"00:05:29,000","00:05:33,000",صريح بس أنا معرفة واش ولا أعرف أي حاجة عنك,"Frankly, I know a snitch, and I don't know any need for you.",anger
"00:05:33,000","00:05:33,000",بس أنا مش عم بس,But I'm not. I'm just...,neutral
"00:05:33,000","00:05:36,000",مش خايف إن أنا مثلاً أحكم عليك إن أنت,"I'm not afraid that I'm, like, judging you if you're...",anger
"00:05:36,000","00:05:39,000",rude أو بجح أو وكح,Rhode or bragging or coughing.,neutral
"00:05:40,000","00:05:41,000",أنا بمزح,I'm kidding.,neutral
"00:05:41,000","00:05:43,000",بتمزح إيه إنت سألتني إنت تخينة,You're joking. You asked me. You're cheating.,neutral
"00:05:43,000","00:05:44,000",هلأ أسألك سؤال,Can I ask you a question?,neutral
"00:05:44,000","00:05:47,000",الواحد لما يكون بدايت بيحكي كل إشي جدي ولا بيمزح؟,Why did you start telling all my serious stuff and not kidding?,anger
"00:05:47,000","00:05:48,000",إنت ما كنتش بتمزح دلوقتي,You weren't kidding me.,neutral
"00:05:48,000","00:05:49,000",ليه؟,Why?,neutral
"00:05:49,000","00:05:51,000",خلاص نقفل الموضوع ده لو سمحت,"Let's get this over with, please.",neutral
"00:05:51,000","00:05:52,000",هاي مشكلة كبيرة صراحة,She's a big problem. Honestly.,neutral
"00:05:53,000","00:05:55,000",إيش الred flags اللي عندك على الشاب؟,Isn't the red flags you have on the guy?,neutral
"00:05:55,000","00:05:57,000",إنه حد يعلق على شكل حد,It's a limit stuck in the shape of a limit.,anger
"00:05:57,000","00:05:58,000",أوف,Ugh.,neutral
"00:05:58,000","00:06:00,000",طب أنا هذا اللي سويته قبل شوي؟,"What am I, the one you settled before Choi?",neutral
"00:06:00,000","00:06:01,000",أوه بالزبط,"Oh, right.",neutral
"00:06:01,000","00:06:02,000",بس إنتي فهمتيني غلط,But you got me wrong.,neutral
"00:06:02,000","00:06:02,000",ما يصحش,What's happening?,neutral
"00:06:02,000","00:06:04,000",لازم تعطيني مجال إني أشرح,You have to give me room. I'm explaining.,neutral
"00:06:04,000","00:06:07,000",فكرة البلاين ديت شو إن إحنا نعرف بعد,"Blaine Dit Shaw's idea, if we know yet.",neutral
"00:06:07,000","00:06:08,000",من غير seeing each other,Who doesn't see each other,neutral
"00:06:08,000","00:06:10,000",فأنت قسرت الموضوع وبوم,"You forced it, and Boom.",neutral
"00:06:10,000","00:06:11,000",إنت تخينة؟,You're cheating?,neutral
"00:06:11,000","00:06:14,000",يا سارة أنا آسف بس يعني ممكن عشان البلاين ديت مش بتعود,"Sarah, I'm sorry, it just means Blaine didn't get used to.",anger
"00:06:14,000","00:06:16,000",بدك تمشي لي الموضوع شوي,"You must be walking me around, Zoe.",neutral
"00:06:16,000","00:06:17,000",لا خلاص ما فيش مشكلة يا حسن,"No way. Nothing's wrong, Hassan.",neutral
"00:06:17,000","00:06:19,000",دي green flag أعتذر,De gren flag. I'm sorry.,neutral
"00:06:19,000","00:06:19,000",أكيد؟,Sure?,neutral
"00:06:19,000","00:06:20,000",أيوه,Uh-huh.,neutral
"00:06:20,000","00:06:21,000",يعني أنا مفتش بالred flags,"I mean, I'm an inspector of reed flashes.",neutral
"00:06:21,000","00:06:23,000",نص نص مش قادرة أقول لك أوه,I can't tell you...,neutral
"00:06:23,000","00:06:24,000",هلأ بنصلحها,Shall we fix it?,neutral
"00:06:24,000","00:06:25,000",خلاص ونطلع,Let's get out of here.,neutral
"00:06:25,000","00:06:27,000",بعدين أنا بلشت أحب مصر يا سارة يعني صراحة,"Then I'm like, ""I love Egypt, Sarah."" Honestly.",neutral
"00:06:27,000","00:06:27,000",بجد؟,Seriously?,neutral
"00:06:28,000","00:06:29,000",إيه أكتر حاجة عجبك؟,What more do you like?,neutral
"00:06:29,000","00:06:30,000",القاهرة بتجنن,Cairo is crazy.,neutral
"00:06:30,000","00:06:32,000",وناسها بتجننوا,And people are crazy.,neutral
"00:06:32,000","00:06:34,000",طيب يعني ممكن إنتي تحبيبيني أكتر بمصر؟,"Well, does that mean you're in love with me, more in Egypt?",anger
"00:06:34,000","00:06:35,000",يعني هنشوف الموضوع ده,It means we'll see about that.,neutral
"00:06:35,000","00:06:36,000",hopefully,Hopefully.,neutral
"00:06:37,000","00:06:39,000",طيب بقول لك إيه يا سارة,"Tell you what, Sarah.",neutral
"00:06:39,000","00:06:40,000",نعم يا حسن,"Yeah, okay.",neutral
"00:06:40,000","00:06:41,000",عطيتني rate منيح؟,You gave me an apocalypse?,neutral
"00:06:41,000","00:06:42,000",بصراحة نص نص,- Honestly. - Text.,neutral
"00:06:42,000","00:06:43,000",فيه حاجات اتفقنا فيها,It has needs that we agreed upon.,neutral
"00:06:43,000","00:06:45,000",وفيه حاجات اختلفنا فيها,And there's things we're different about.,anger
"00:06:45,000","00:06:46,000",بس دي أول segment يعني,B.D.'s first segment means,neutral
"00:06:46,000","00:06:48,000",فممكن درجاتك تتحسن على آخر,It's possible your grades are getting better at each other.,anger
"00:06:48,000","00:06:50,000",أنا عطيتك rate جيد,I gave you a good rate.,neutral
"00:06:50,000","00:06:51,000",ماشي أما نشوف,"All right, we'll see.",neutral
"00:07:01,000","00:07:03,000",أوكي أنا صراحة حاس حاليا شوي,"Okay, I'm honestly sensed right now, Choi.",neutral
"00:07:03,000","00:07:05,000",عم بكون زنخ شوي,Uncle Zheng Shui.,neutral
"00:07:05,000","00:07:05,000",بترشيني زنخ؟,"""Prish me a squirrel""?",neutral
"00:07:06,000","00:07:07,000",لا دي كلمة جديدة عليا,"No, D... new word for me.",neutral
"00:07:07,000","00:07:08,000",زنخ يعني بايخ,Zinc means shit.,neutral
"00:07:08,000","00:07:09,000",بايخ؟,A peach?,neutral
"00:07:09,000","00:07:10,000",أه,Uh...,neutral
"00:07:10,000","00:07:10,000",معرفوش,Know-how.,neutral
"00:07:10,000","00:07:12,000",حسن إني سمعتها من مصري,"Well, I heard it from an Egyptian.",neutral
"00:07:12,000","00:07:14,000",تعرف يا هدا الزنخ تبع الساردين؟,You know what?,neutral
"00:07:14,000","00:07:15,000",بين؟,Ben?,neutral
"00:07:15,000","00:07:16,000",من أ معرفش,From the top of the table.,neutral
"00:07:16,000","00:07:17,000",هو هيك يحكو له زنخ,"Hey, hey, hey, hey, hey, hey, hey, hey, hey, hey, hey, hey, hey, hey, hey, hey, hey, hey, hey, hey, hey, hey, hey, hey, hey, hey!",anger
"00:07:17,000","00:07:19,000",إنه عم بكون تجيل دم شوي,It's Uncle Zoey's bloodwork.,neutral
"00:07:19,000","00:07:20,000",نحن عم نحاول نكون متفاهمين مع بعض,We're what we're trying to do. We're getting along.,neutral
"00:07:20,000","00:07:22,000",بتعلم تتكلم على المال,"You know, talking about money.",neutral
"00:07:23,000","00:07:23,000",والله مهم,And God is important.,neutral
"00:07:23,000","00:07:25,000",تخش في المهمة على طول,You're afraid of the mission along the way.,neutral
"00:07:25,000","00:07:26,000",سمعي مهم المصاري صراحة,My hearing is critical. Honestly.,neutral
"00:07:26,000","00:07:28,000",بساعد كثير بأنه يبني شخصية الواحد,It's a lot of help that he's building a character.,anger
"00:07:28,000","00:07:29,000",يبني مستقبله,He's building his future.,neutral
"00:07:29,000","00:07:32,000",حس إنه لو الإنسان,A sense of human leukemia.,neutral
"00:07:32,000","00:07:34,000",مكفيك مش هتبص للماديات,"McVeak, I'm not gonna stick to anything.",anger
"00:07:34,000","00:07:36,000",بس كمان الماديات مهمة جداً يعني,"But violin... material is very important, which means...",neutral
"00:07:36,000","00:07:37,000",أكيد ما هي بتساعد برضه,"Sure, what she's helping with his approval.",neutral
"00:07:37,000","00:07:38,000",بس إنت مثلاً شايف,But you're like a chef.,neutral
"00:07:38,000","00:07:40,000",لو إحنا على موعد,"If we're on a date,",neutral
"00:07:40,000","00:07:42,000",شايف المفروض مين يتكفل بالموعد,Shiv is supposed to be taking care of the date.,neutral
"00:07:42,000","00:07:44,000",يعني أنا بالنسبة إلي أكيد الشاب,"I mean, to me, sure, the guy...",neutral
"00:07:44,000","00:07:45,000",صراحة,Honestly.,neutral
"00:07:45,000","00:07:46,000",أنا بشوف كده برضه,I'm telling him he's okay.,neutral
"00:07:46,000","00:07:48,000",بحس إن ده تعبير عن إنه هو,"In a sense, it's an expression of who he is.",neutral
"00:07:48,000","00:07:49,000",شخص مسؤول,Someone responsible.,neutral
"00:07:49,000","00:07:50,000",بس كده كده هعرض,That's it. That's it. That's it.,neutral
"00:07:50,000","00:07:52,000",وكده كده لازم أرده له في يومها,And that's how I have to pay him back one day.,anger
"00:07:52,000","00:07:53,000",ممكن الأفضل بالنسبة إلي صراحة,"It's probably best for me, honestly.",neutral
"00:07:53,000","00:07:55,000",إنه مثلاً أنا طالعني وياكي ديت,It's like I'm being bullied and Jackie Ditt.,anger
"00:07:55,000","00:07:56,000",أكيد أنا اللي هتدفع,Of course I'm the one who's paying.,neutral
"00:07:56,000","00:07:59,000",بس ممكن أنت يكون في بالك إنه أنا جبتلك هدية,It's just... it's just... it's just... it's just... it's just... it's just that I brought you a present.,anger
"00:07:59,000","00:08:01,000",لو صغيرة أو معنوية ما عنديش مشكلة,"If it's small or spirit, it's not a problem.",neutral
"00:08:01,000","00:08:02,000",بس إنه هاي بشوفها إشي حلو يعني,It's just... it's just... it's... it's just... it's... it's just... it's... it's just... it's... it's... it's... it's... it's... it's... it's sweet... it means...,anger
"00:08:02,000","00:08:03,000",هلأ بالزواج,Can we get married?,neutral
"00:08:03,000","00:08:05,000",ما بعرف إنتوا عندكم في مصر غير عندنا,What do you know that you have in Egypt is not ours?,anger
"00:08:05,000","00:08:06,000",نص بالنص,Text text,neutral
"00:08:07,000","00:08:09,000",إحنا عندنا شاب يدفع كل حاجة,We've got a guy paying for everything.,neutral
"00:08:09,000","00:08:09,000",طب حلو قوي,Good medicine.,neutral
"00:08:09,000","00:08:10,000",حلو؟,Sweet?,neutral
"00:08:10,000","00:08:10,000",برضه,With his approval.,neutral
"00:08:10,000","00:08:11,000",أوه والله,"Oh, God.",neutral
"00:08:11,000","00:08:12,000",هسألك سؤالية حسونا,I'll ask you a question. All right.,neutral
"00:08:12,000","00:08:13,000",آه حسونا حبيت,"Ah, ah, ah, ah, ah, ah, ah, ah, ah, ah, ah, ah, ah, ah, ah, ah, ah, ah, ah, ah, ah, ah, ah, ah, ah, ah, ah, ah, ah, ah.",neutral
"00:08:13,000","00:08:14,000",أيوة حسونا,"Ah, ah, ah, ah, ah, ah, ah, ah, ah, ah, ah, ah, ah, ah, ah, ah, ah, ah, ah, ah, ah.",neutral
"00:08:14,000","00:08:16,000",والله إحنا عم نوصل مكان حلو صراحة,"And God, we're driving somewhere sweet. Honestly.",neutral
"00:08:16,000","00:08:16,000",مش حسونا بس,"It's not okay, it's just...",neutral
"00:08:17,000","00:08:18,000",كمان؟,A violin?,neutral
"00:08:18,000","00:08:18,000",أي,A-a-a-a-a-a-a-a-a-a-a-a-a-a-a-a-a-a-a-a-a-a-a-a-a-a-a-a-a-a-a-a-a-a-a-a-a-a-a-a-a-a-a-a-a-a-a-a-a-a-a-a-a-a-a-a-a-a-a-a-a-a-a-,neutral
"00:08:18,000","00:08:20,000",الأقام حتزيد كمان شوي بالراتينغ,Stay till you increase your violin.,neutral
"00:08:20,000","00:08:21,000",أوه أنا حس كده برضه,"Oh, I'm so flattered.",neutral
"00:08:21,000","00:08:22,000",أنا انبسطت قوي يعني,"I'm so strong, it means...",neutral
"00:08:22,000","00:08:23,000",سأليني أسئلة,He asked me questions.,neutral
"00:08:23,000","00:08:25,000",أنت قلت إنه في الكولتر بتاعت الأردن,You said he's at the counter in Jordan.,neutral
"00:08:25,000","00:08:27,000",الولد هو اللي بيشيل الليلة كلها,The boy's the one who's been walking around all night.,anger
"00:08:27,000","00:08:30,000",هل بعد كده بقى بعد الزواج,Is that how he stayed after the wedding?,neutral
"00:08:30,000","00:08:32,000",الولد برضه بيفضل يشيل الليلة,The boy has his consent tonight.,neutral
"00:08:32,000","00:08:34,000",ولا هل بتبدأ بقى الدنيا تتقسم,Nor do you begin to swear the rest of the world.,anger
"00:08:34,000","00:08:35,000",ما بينهم هما الاتنين,It's the dragons among them.,neutral
"00:08:35,000","00:08:36,000",يعني شوفي فيه ناس,It means heal people.,neutral
"00:08:36,000","00:08:38,000",تتفق مع بعض إنه لا,You agree with each other. He doesn't...,neutral
"00:08:38,000","00:08:40,000",إحنا بعد الزواج بنصير,It's a victory after marriage.,neutral
"00:08:40,000","00:08:41,000",نتقسم إنت عليك الأكل,Swear. You have to eat.,neutral
"00:08:41,000","00:08:43,000",أنا علي البيت,I'm home.,neutral
"00:08:43,000","00:08:45,000",والأولاد ووا ووا ووا,"And the kids. Whoa, whoa, whoa, whoa, whoa, whoa, whoa, whoa, whoa, whoa, whoa, whoa, whoa, whoa, whoa, whoa, whoa, whoa, whoa, whoa.",anger
"00:08:45,000","00:08:46,000",وفيه ناس لا بيقولك أنا,And there are people who don't say I am.,neutral
"00:08:46,000","00:08:47,000",بحاسب كل شي,On the computer of everything.,neutral
"00:08:47,000","00:08:48,000",أيوة أنا مش عايز أعرف عن الناس,I don't want to know about people.,neutral
"00:08:48,000","00:08:49,000",أنا عايز أعرف عنك أنت,I want to know about you.,neutral
"00:08:49,000","00:08:50,000",بتعرف عليك أنت,Meet you.,neutral
"00:08:50,000","00:08:51,000",أنا صراحة,I'm being honest.,neutral
"00:08:51,000","00:08:53,000",بستمتع إني أنا أدفع دائما,Enjoy. I always pay.,neutral
"00:08:53,000","00:08:54,000",تستمتع؟,Having fun?,neutral
"00:08:54,000","00:08:55,000",بستمتع,Have fun.,neutral
"00:08:55,000","00:08:57,000",يعني أنا بستمتع لما أنا حاسب عن الناس,It means I enjoy what I'm doing for people.,neutral
"00:08:57,000","00:08:59,000",يعني بحب هذا الشعور قوي,"It means by loving this feeling, it's powerful.",anger
"00:08:59,000","00:09:01,000",تستمتع بتستمتع يعني؟,Enjoying fun means?,neutral
"00:09:01,000","00:09:01,000",آه والله,"Oh, God.",neutral
"00:09:01,000","00:09:02,000",مش حجزب عليك,There's no booking on you.,neutral
"00:09:03,000","00:09:04,000",لا والله كثير هيك,"No, God's too much, Heck.",neutral
"00:09:04,000","00:09:05,000",طب هو بتستمتع يعني وراضي,Medicine is fun. It's good.,neutral
"00:09:05,000","00:09:07,000",مش اللي هو بقى بتقفقف,Why didn't he just jump?,neutral
"00:09:07,000","00:09:08,000",أنا هيدا أنا أدفع لك ده وده وده,I'm Hida. I'm paying you back.,neutral
"00:09:08,000","00:09:09,000",طب لو أنا خارجين مثلاً,"Like, medicine if I'm going out.",neutral
"00:09:09,000","00:09:11,000",وصحابي البنات جم قعدوا معينا,"And the girls' buddies, they sat down.",neutral
"00:09:11,000","00:09:12,000",هتدفع لهم برضه,You pay them with his consent.,neutral
"00:09:12,000","00:09:13,000",ولا هتقولهم لا حاسبوا,And don't say it. Don't account.,neutral
"00:09:13,000","00:09:13,000",شيلوا سليطكوا بقى,Shiloo your dynasty stays.,neutral
"00:09:14,000","00:09:15,000",ما أتوقعش,What I'm expecting.,neutral
"00:09:15,000","00:09:16,000",بس ممكن أحاسب عنك صراحة,But I can honestly be held accountable for you.,neutral
"00:09:16,000","00:09:17,000",أكيد,Sure.,neutral
"00:09:17,000","00:09:18,000",بس مش ها,But I don't.,neutral
"00:09:18,000","00:09:19,000",بس صحابي نو,"It's my friends, No.",neutral
"00:09:19,000","00:09:19,000",بس أنا,But it's me.,neutral
"00:09:19,000","00:09:20,000",طب لو عيد ميلادي مثلاً,"Like, medicine for my birthday.",neutral
"00:09:20,000","00:09:22,000",آه أكيد أنا هحاسب عن كل حاجة,"Oh, sure, I'm an accountant for everything.",neutral
"00:09:33,000","00:09:35,000",هحوش لها بالمصري؟,Her monsters with an Egyptian?,neutral
"00:09:35,000","00:09:36,000",هتحوش لها آه,"Ah, monsters for her.",neutral
"00:09:36,000","00:09:37,000",هحوش لها بالمصري يعني,Her monsters in Egypt mean...,neutral
"00:09:37,000","00:09:39,000",يعني مقعد أحوش فلوس,It means a monster chair.,neutral
"00:09:39,000","00:09:41,000",أحط فلوس فوق فلوس فوق فلوس,I'm making a nap over a nap over a nap over a nap over a nap.,anger
"00:09:41,000","00:09:42,000",عشان أجيب لك الهداية اللي أنت عايزها,I'm gonna answer you for the gift you want.,anger
"00:09:42,000","00:09:44,000",سارة أنا عندي مشكلة شوي يعني بالمصري,"Sarah, I've got a problem with Choi that means Egyptian.",anger
"00:09:44,000","00:09:45,000",فعشان هيك مش عم بفهم كل,It's about Heck. It's about understanding everything.,anger
"00:09:45,000","00:09:47,000",لا عايزي هتتعود,"No, I want you to get used to it.",neutral
"00:09:47,000","00:09:47,000",هتعوديني؟,Will you come back?,neutral
"00:09:47,000","00:09:49,000",اللقنة سهلة بس لما تاخد عليها,"It's easy, but it's not what you take.",neutral
"00:09:49,000","00:09:50,000",كده كده يعني,That's what that means.,neutral
"00:09:50,000","00:09:52,000",كده كده ده كلمتي,That's it. That's it. That's my word.,neutral
"00:09:52,000","00:09:54,000",هاي الكلمة تعلمتها جديد,Here's the word. I learned it new.,neutral
"00:09:54,000","00:09:54,000",كده كده,That's it.,neutral
"00:09:56,000","00:09:58,000",يعني اسمها أنا ما أبقي كرات,It means her name. I don't keep balls.,neutral
"00:09:58,000","00:09:59,000",سرعة,Speed.,neutral
"00:10:00,000","00:10:02,000",بالعادة أنا بحسه صعب,Normally I'm in a tough sense.,neutral
"00:10:02,000","00:10:03,000",فمعطيك ريت قسطوري,So give you Rhett Cathory.,neutral
"00:10:03,000","00:10:05,000",عشان أنت فيكي وأنا كمان,Because you're Vicky and I'm a violin.,neutral
"00:10:05,000","00:10:06,000",هتتفاجئ,You're surprised.,neutral
"00:10:06,000","00:10:08,000",بما أنه أنا معطيك هذا الريت معناتو,"Since it's me giving you this rhette, it's me.",anger
"00:10:08,000","00:10:09,000",إحنا عم نوصل لمكان حلو جداً,We're getting to a very sweet place.,neutral
"00:10:09,000","00:10:11,000",مع أنها كانت روف ستورت,Although it was Rove Stuart.,neutral
"00:10:11,000","00:10:12,000",بس دلوقتي لا خلاص,"Just now, no redemption.",neutral
"00:10:12,000","00:10:15,000",لا دلوقتي بقينا حبايب وزاز قوي,"No, no, no, no, no, no, no, no, no, no, no, no.",neutral
"00:10:15,000","00:10:16,000",يا رب نفضل كده لآخر الحلقة,"Lord, we prefer this to the end of the episode.",neutral
"00:10:16,000","00:10:17,000",لا لا كده هنفضل,"No, no, no, no. We'll go.",neutral
"00:10:17,000","00:10:19,000",هنكون أحسن من كده بحس,We're gonna be better than that.,neutral
"00:10:19,000","00:10:20,000",وأنا كمان برضه,And I'm a violin of his approval.,neutral
"00:10:31,000","00:10:32,000",ستيك ترياكي,Stick Treyucky.,neutral
"00:10:32,000","00:10:34,000",والله وشكله زاكي قوي,And God looks like a powerful Zachy.,neutral
"00:10:34,000","00:10:36,000",أنا مش عارفة ده تشيكن ولا شريمتة ولا إيه,"I don't know this chicken, or shitty, or any of it.",anger
"00:10:36,000","00:10:37,000",لا تشيك,Don't chick.,neutral
"00:10:37,000","00:10:38,000",أنت بتحب الستيك؟,You like steaks?,neutral
"00:10:38,000","00:10:39,000",أحب الستيك جداً,I love steak so much.,neutral
"00:10:40,000","00:10:41,000",جداً,Very.,neutral
"00:10:41,000","00:10:42,000",شوف لي كيه إذا إنه زاكي أو لا,Show me if it's Zachy or not.,neutral
"00:10:42,000","00:10:43,000",ماشي يلا وأنا كمان هدو,"Okay, let's go. I'm a tranquilizer.",neutral
"00:10:44,000","00:10:46,000",جداً جيد,Very good.,neutral
"00:10:46,000","00:10:48,000",حسونة أنت بتحب الليلة وكده,"Well, you love tonight and so on.",neutral
"00:10:48,000","00:10:51,000",ولا بتفضل أن أنت مثلاً تخرج في حتة هادية بقى,And you don't want to go out in a serenity.,anger
"00:10:51,000","00:10:53,000",شوفي مبدئياً أنا حسونة حبها قوي صراحة,"First of all, I'm her lover. Honestly strong.",neutral
"00:10:54,000","00:10:56,000",يعني آه حبيتها منك يعني,"It means, uh, her love of you means...",neutral
"00:10:56,000","00:10:58,000",هيطلع معك غزل منيح,You're getting a beanbag.,neutral
"00:10:58,000","00:10:59,000",أيوة ححاول هحاول هنشوف,"If he tries, he'll try to find out.",neutral
"00:10:59,000","00:11:00,000",شربنا في الغزل؟,We drank at the deer?,neutral
"00:11:00,000","00:11:01,000",معرفش هنشوف,Henshew's knowledge.,neutral
"00:11:01,000","00:11:03,000",طيب أوكي هجوبك على السؤال,"Okay, okay, let me ask you something.",neutral
"00:11:03,000","00:11:04,000",إذا كنت في الأردن مثلاً,"If you're in Jordan, for example.",neutral
"00:11:04,000","00:11:07,000",يعني بضل رايق وهادي,It means cheerleading and cheerleading.,neutral
"00:11:07,000","00:11:08,000",إذا طلعت برا بسافر برا,"If I go wild, I go wild.",neutral
"00:11:08,000","00:11:10,000",ممكن أطلع أسهر في أماكن,I could share a couple of evenings in places.,neutral
"00:11:10,000","00:11:11,000",أجرب أماكن جديدة,Try new places.,neutral
"00:11:11,000","00:11:14,000",أنا لازم أحكي لك شغلة عني سارة,"I have to tell you a job about me, Sarah.",neutral
"00:11:14,000","00:11:15,000",أنا بقدر أصحابي كتير,I'm as much of a buddy as I am.,neutral
"00:11:15,000","00:11:18,000",طيب لما يبقى فيه بارتنير وأصحابك,Good for what's left of Bartner and your friends.,neutral
"00:11:18,000","00:11:19,000",إزاي هتعمل توافق بينهم؟,"Izzy, are you gonna work with them?",neutral
"00:11:19,000","00:11:21,000",لازم الاثنين يتوافقوا مع بعض,It took both of them to get along.,neutral
"00:11:21,000","00:11:22,000",طيب ولو لأ؟,"Okay, no?",neutral
"00:11:22,000","00:11:24,000",إذا ما توافقوش مشكلة,If there's a problem...,neutral
"00:11:24,000","00:11:25,000",يعني عن جد مشكلة,It means there's a problem.,neutral
"00:11:25,000","00:11:26,000",لأنه أنا أغلب وقتي,Because I'm most of my time.,neutral
"00:11:26,000","00:11:27,000",يعني مثلاً إذا بشتغل,"It means, for example, if you work.",neutral
"00:11:27,000","00:11:29,000",لازم آخر الليل أشوف أصحابي,I need to be late at night. I'm seeing my buddies.,anger
"00:11:29,000","00:11:30,000",إزاي القهوة عندنا كده؟,We have coffee like this?,neutral
"00:11:30,000","00:11:30,000",تقريباً,Almost.,neutral
"00:11:30,000","00:11:32,000",في الأردن بقى إيه المتعرف عليه غير القهوة؟,"In Jordan, who's still known as besides coffee?",neutral
"00:11:32,000","00:11:34,000",حلقاً إحنا ممكن صراحة نعمل,"Fly. We're possible. Honestly, we're working.",neutral
"00:11:34,000","00:11:35,000",باربيكو نايت,Barbeco Knight.,neutral
"00:11:35,000","00:11:36,000",ممكن نقعد,We could go.,neutral
"00:11:36,000","00:11:37,000",ممكن نعمل جامعة,We could do a university.,neutral
"00:11:37,000","00:11:38,000",يعني ممكن أجي؟,"I mean, can I?",neutral
"00:11:38,000","00:11:39,000",آه طبعاً ممكن تيجي,"Oh, of course you can.",neutral
"00:11:39,000","00:11:41,000",إنتي لازم تيجي أصلاً يا سارة,"You already have to go, Sarah.",neutral
"00:11:41,000","00:11:43,000",ما إحنا صرنا يعني مع بعض خلاص,What we have meant together is salvation.,neutral
"00:11:43,000","00:11:44,000",يعني إحنا عم نتج المكان حلو,It means we're the sweetest uncle we've ever been.,anger
"00:11:44,000","00:11:45,000",طبعاً عندي سؤال,Of course I have a question.,neutral
"00:11:45,000","00:11:46,000",عنديك سؤال إسأليها,You have a question. Ask her.,neutral
"00:11:46,000","00:11:48,000",إيه الـPerfect Date في دماغك؟,What's Perfect Date in your brain?,neutral
"00:11:48,000","00:11:50,000",يعني لو أنت الواضح فيه بنت معجبة بيها جداً جداً جداً,"It means if you're obviously a girl who likes her very, very, very, very, very, very, very, very, very, very, very, very, very, very, very, very, very, very, very, very, very, very, very, very, very, very, very, very, very...",anger
"00:11:50,000","00:11:51,000",غيرك؟,Other than you?,neutral
"00:11:52,000","00:11:53,000",أيوة غيري؟,What else?,neutral
"00:11:53,000","00:11:55,000",هيكون فين؟ هيكون عامل إزاي؟,Hecun Vin?,neutral
"00:11:55,000","00:11:56,000",هلأ إذا فيه Perfect Date,"Hey, so there's Perfect Date.",neutral
"00:11:56,000","00:11:58,000",ممكن أجهزله يعني,Maybe I'll set him up. It means...,neutral
"00:11:58,000","00:11:58,000",ممكن يكون فيه,Could be in it.,neutral
"00:11:58,000","00:11:59,000",أيوة إيه بقى؟,What's left?,neutral
"00:11:59,000","00:11:59,000",زي إيه؟,Z.A.?,neutral
"00:11:59,000","00:12:01,000",أنا عندي مفاجآت أوي,"I have surprises, Oi.",neutral
"00:12:01,000","00:12:01,000",واو,Wow.,neutral
"00:12:01,000","00:12:04,000",يعني ممكن أفكر بالموضوع إذا كنت مع شخص مناسب,It means I could think about it if you're with someone who's right.,anger
"00:12:04,000","00:12:06,000",صراحة ممكن أعمل مفاجآت ما حدا بيسويها,"Honestly, I can do some kind of surprises.",neutral
"00:12:06,000","00:12:08,000",طب زي إيه؟ قولي بقى يعني عايز أمثال واحد,"Say ""stay"" means one person like you want.",neutral
"00:12:08,000","00:12:11,000",يعني ممكن تكون هي بدها تروح على مسافرة معينة,It means she could be going on a certain flight.,anger
"00:12:11,000","00:12:15,000",وأحجز لها تيكت وعطيها إياها بطريقة كثير حلوة يعني,And book Ticket and give it to her in a sweet way means...,anger
"00:12:15,000","00:12:17,000",طيب ممكن تعمل حاجة بقى,"Well, maybe you can do something that's leftover.",anger
"00:12:17,000","00:12:18,000",زي مثلاً سكايديبنج,Like Skydiping.,neutral
"00:12:18,000","00:12:19,000",دريم بورك,Dream Burke.,neutral
"00:12:19,000","00:12:20,000",ولا حاجات كده ولا إيه؟,"No needs like that, no what?",neutral
"00:12:20,000","00:12:23,000",أنا شخص بيحب الـAdventures كثير,I'm a person who likes Adventures a lot.,anger
"00:12:23,000","00:12:25,000",فيعني إذا هي بتحب الـAdventures أكيد,"So it means if she likes Adventures, sure.",neutral
"00:12:25,000","00:12:26,000",أنا نفسي أروح هايكنغ,I myself am taking Hicking's life.,neutral
"00:12:26,000","00:12:26,000",هايكنغ؟,Hyking?,neutral
"00:12:27,000","00:12:28,000",أنا حدا بيحب المغامرات,I'm so in love with adventures.,neutral
"00:12:28,000","00:12:30,000",هخليك تروحي معاي مغامرات يعني,Let's give it a rest. Adventures mean...,neutral
"00:12:30,000","00:12:31,000",إذا بتحبي طبعاً,"Then love, of course.",neutral
"00:12:31,000","00:12:32,000",ألا إذا بحب أنا بحب,"Unless by love, I'm by love.",neutral
"00:12:32,000","00:12:34,000",ممكن تكون Life Style تبعنا قسطوري,Could be Life Style followed my cathedral.,neutral
"00:12:34,000","00:12:35,000",سوسو بقالك إيه سوسو؟,Susu your grocery-a-susu?,neutral
"00:12:35,000","00:12:36,000",سوسو؟,Susu?,neutral
"00:12:36,000","00:12:37,000",محبتيش؟,Hatish?,neutral
"00:12:38,000","00:12:39,000",حسونا أحلى أشيك,"All right, sweetest check.",neutral
"00:12:39,000","00:12:39,000",طيب سارة,"Okay, Sarah.",neutral
"00:12:39,000","00:12:41,000",شوف حاجة غير,There's no need.,neutral
"00:12:41,000","00:12:43,000",هو أنا معرفتش لسه اسمك الحقيقة,It's me. It's not your real name.,neutral
"00:12:43,000","00:12:44,000",هي سارة هي سارة,"Hey, hey, hey, hey, hey, hey, hey, hey, hey, hey, hey, hey, hey, hey, hey, hey, hey, hey, hey.",anger
"00:12:44,000","00:12:45,000",خلص سارة,Save Sarah.,neutral
"00:12:45,000","00:12:46,000",تاخد points على المحاولة,Take points to try.,neutral
"00:12:46,000","00:12:47,000",ثانية واحدة,One second.,neutral
"00:12:47,000","00:12:48,000",خد الوردة عشان حاولت,Take the rose because I tried.,neutral
"00:12:49,000","00:12:50,000",حبيت,I liked you.,neutral
"00:12:50,000","00:12:51,000",هاي فيه تطور أنا,"Hey, there's been a development.",neutral
"00:12:51,000","00:12:52,000",أنا مبسوط بالتطور اللي جاعد بيصير في عملي,I'm flattered by the evolution of what I'm about to become in my work.,anger
"00:12:52,000","00:12:54,000",طالما فيه تحسن في الأداء,As long as it has an improvement in performance.,neutral
"00:12:54,000","00:12:54,000",وـ,And...,neutral
"00:12:54,000","00:12:55,000",You're nicer يبقى خلص,You're nicer stays saved,neutral
"00:12:56,000","00:12:57,000",إيش رأيك بالـ,What do you think of...,neutral
"00:12:57,000","00:12:57,000",long distance,long distance,neutral
"00:12:57,000","00:12:58,000",بما أنه أنا يعني,Since it means...,neutral
"00:12:58,000","00:12:59,000",ساكن بالأردن,He's a resident of Jordan.,neutral
"00:12:59,000","00:13:00,000",تساكن بمصر,She lives in Egypt.,neutral
"00:13:00,000","00:13:01,000",فبحس الموضوع شوي,"Just think about it, Zoe.",neutral
"00:13:01,000","00:13:02,000",أنا بالنسبة إلي,"Me, to me.",neutral
"00:13:02,000","00:13:03,000",هيكون صعب علي شوي,"Hey, it's hard for me, Zoe.",neutral
"00:13:03,000","00:13:03,000",فإيش رأيك إنت فيه؟,What do you think of him?,neutral
"00:13:03,000","00:13:05,000",وأنا كمان هيكون صعب جدا,And I'm a violin. It's so hard.,neutral
"00:13:05,000","00:13:06,000",أنا بشتاق قوي,I'm so longing.,neutral
"00:13:06,000","00:13:07,000",فيه حاجات كتير قوي,It's got a lot of stuff going on.,neutral
"00:13:07,000","00:13:08,000",ممكن تتحل يعني,Could decompose mean...,neutral
"00:13:08,000","00:13:09,000",وأجازات بقى وكده,"And vacations, and that's it.",neutral
"00:13:09,000","00:13:10,000",Not enough,Not enough,neutral
"00:13:10,000","00:13:12,000",يعني نكون مع بعض أكتر,It means being together a lot more often.,neutral
"00:13:12,000","00:13:13,000",ممكن تسافر إلى الأردن؟,Can you travel to Jordan?,neutral
"00:13:13,000","00:13:14,000",كزيارة,As a visit.,neutral
"00:13:14,000","00:13:15,000",لو,Lou.,neutral
"00:13:15,000","00:13:16,000",ما أكذبش عليك بصراحة يحسونا,"I'm not lying to you. Honestly, they make us feel better.",anger
"00:13:18,000","00:13:19,000",بس ما أقدرش أعيش بره مصر,I can't live in Egypt.,neutral
"00:13:19,000","00:13:19,000",By the way,By the way,neutral
"00:13:19,000","00:13:21,000",الأردن حلوة جدا,Jordan is very sweet.,neutral
"00:13:21,000","00:13:22,000",بس تأذرها,You'll excuse her.,neutral
"00:13:22,000","00:13:23,000",لكن أعيش بره مصر,But I live in Egypt.,neutral
"00:13:23,000","00:13:24,000",صعب,It's hard.,neutral
"00:13:24,000","00:13:25,000",بس شوفي الموضوع هذا,I'm just gonna take care of this.,neutral
"00:13:25,000","00:13:26,000",يعني بسيط,It means simple.,neutral
"00:13:26,000","00:13:27,000",هنلاجي له حل بالآخر يعني,Hanlaji has a solution for each other means...,neutral
"00:13:27,000","00:13:28,000",ممكن,Maybe.,neutral
"00:13:28,000","00:13:29,000",أمور سهلة,Easy stuff.,neutral
"00:13:30,000","00:13:31,000",كده كده هنلاجي له حل,That's how it works.,neutral
"00:13:31,000","00:13:32,000",أيوة,Yeah.,neutral
"00:13:34,000","00:13:35,000",بالله,"Oh, for God's sake.",neutral
"00:13:36,000","00:13:36,000",ريتس,Rits.,neutral
"00:13:37,000","00:13:38,000",أطيفين,Birds.,neutral
"00:13:38,000","00:13:39,000",على فكرة أنا,"By the way, I...",neutral
"00:13:39,000","00:13:40,000",موجبة,Positive.,neutral
"00:13:40,000","00:13:41,000",ما أتوقع أكثر مني صراحة,What I expect is more honest than I do.,neutral
"00:13:41,000","00:13:42,000",يا سلام,"Oh, boy.",neutral
"00:13:43,000","00:13:44,000",أنا داي صغيرة فمش عارفة,I'm a little dia. I don't know.,neutral
"00:13:44,000","00:13:45,000",أعبر أكتر من كده,I'm saying more than that.,neutral
"00:13:45,000","00:13:47,000",أنا بالنسبة لي موضوع الريتس عندي مهم,"I, for me, am the Writs. I have an important thing to do.",anger
"00:13:47,000","00:13:48,000",فاليوم,Valium.,neutral
"00:13:48,000","00:13:49,000",أعطيت زيادة,I gave an increase.,neutral
"00:13:49,000","00:13:50,000",وأنا كمان,And I'm a violin.,neutral
"00:13:50,000","00:13:51,000",بوردة ولا من غير وردة؟,"Boat, no. Who isn't?",neutral
"00:13:51,000","00:13:53,000",الوردة موجودة على الطاولة يعني,The rose is on the table.,neutral
"00:13:53,000","00:13:53,000",مش عارف كده,I don't know.,neutral
"00:13:53,000","00:13:54,000",ممكن حسب أو لا,May or may not.,neutral
"00:13:54,000","00:13:57,000",أصلا زيادة أعطيتها على الترابيزة فقلت يعني,"I already gave it a raise on the dirt, and I said, ""I mean...""",anger
"00:13:57,000","00:13:58,000",هاي منك فمش حشيلها,"Hey, hey, hey, hey, hey, hey, hey, hey, hey, hey, hey, hey, hey, hey, hey, hey, hey, hey, hey.",anger
"00:13:58,000","00:13:59,000",عرفتين؟,You knew?,neutral
"00:13:59,000","00:14:00,000",أنا زلمة باهتم في التفاصيل جدا,I'm very interested in detail.,neutral
"00:14:00,000","00:14:01,000",خطير,Dangerous.,neutral
"00:14:01,000","00:14:01,000",حضرية,Urban,neutral
"00:14:01,000","00:14:02,000",حضرنا آخر الحلقة,We're here for the last episode.,neutral
"00:14:07,000","00:14:09,000",بتتوقع شكلي,Expecting my form.,neutral
"00:14:09,000","00:14:10,000",كيف رح يكون؟,How'd it go?,neutral
"00:14:10,000","00:14:11,000",بجد ما عرفش خالص,"Seriously, I didn't know anything pure.",neutral
"00:14:12,000","00:14:13,000",بس حس شعرك بني,"But feel your hair, son.",neutral
"00:14:13,000","00:14:13,000",بني؟,Son?,neutral
"00:14:14,000","00:14:14,000",جريب,Squirrel.,neutral
"00:14:14,000","00:14:16,000",طيب وإنت تفتكر شكلي عامل إزاي؟,"Okay, and you think I'm a fag?",neutral
"00:14:16,000","00:14:18,000",أنا صراحة متوقعك حلوة,I'm honestly expecting you sweet.,neutral
"00:14:18,000","00:14:18,000",عندك حق,You're right.,neutral
"00:14:18,000","00:14:20,000",شعرك لونه أسود ممكن,Your hair's black. It's possible.,neutral
"00:14:20,000","00:14:22,000",عيونك بنية,Your eyes are brown.,neutral
"00:14:22,000","00:14:22,000",مش كله صح,It's not all right.,neutral
"00:14:22,000","00:14:23,000",نص نص,Text,neutral
"00:14:23,000","00:14:24,000",نص نص؟,Text text?,neutral
"00:14:24,000","00:14:25,000",نكتشف هلأ مع بعض,We find out hello together.,neutral
"00:14:28,000","00:14:29,000",هاي كم تحكي كلمات وردنية,"Hey, how many pink words do you say?",neutral
"00:14:29,000","00:14:32,000",أنا بحكي كلمات مصرية فيه كويس,I'm telling Egyptian words. It's okay.,neutral
"00:14:32,000","00:14:33,000",كده كده بقى,That's how it stayed.,neutral
"00:14:33,000","00:14:34,000",بقولك إيه سارة,"You say, ""Ah, Sarah.""",neutral
"00:14:34,000","00:14:37,000",تفتكرين نطلع مع بعض مرة تانية؟,You think we're looking at each other again?,neutral
"00:14:42,000","00:14:43,000",إزايك؟,Isaac?,neutral
"00:14:44,000","00:14:45,000",طلعت حلوة قوي,It's so sweet.,neutral
"00:14:46,000","00:14:47,000",في الأخبار,In the news.,neutral
"00:14:47,000","00:14:48,000",مش كله مع بعض كتير,It's not all together.,neutral
"00:14:48,000","00:14:50,000",يعني هو على الضو شوي,"It means he's on the light, Choi.",neutral
"00:14:51,000","00:14:52,000",بس هو أسود مع بني,But he's black with my son.,neutral
"00:14:52,000","00:14:54,000",أعطتك ياس في الأخبار,She gave you Yas in the news.,neutral
"00:14:54,000","00:14:56,000",بس إحنا شوي كانت بالبداية صعبة,"But, uh, we had a hard time starting over.",neutral
"00:14:56,000","00:14:57,000",بس عشان,But because...,neutral
"00:14:57,000","00:14:58,000",بس خلاص,It's just... it's over.,neutral
"00:14:58,000","00:15:00,000",لما خلص لجام الحجز صار الموضوع سهل,"When he got to the impound room, it was easy.",neutral
"00:15:00,000","00:15:01,000",طب قلت ياس ليه؟,Did you say yes to him?,neutral
"00:15:01,000","00:15:03,000",الموضوع صار كثير أسهل وأحلى وهيك,"It's getting a lot easier and better, and Hick.",neutral
"00:15:03,000","00:15:04,000",فكينا,Untie us.,neutral
"00:15:04,000","00:15:05,000",وأنت طلعت حلوة بعدين,And you're so sweet later.,neutral
"00:15:05,000","00:15:05,000",فانكيو,Funkyo.,neutral
"00:15:05,000","00:15:06,000",فهذا إشي كويس,That's a good thing.,neutral
"00:15:06,000","00:15:07,000",فكينا وإنت كمان,Untie us and you're a violin.,neutral
"00:15:07,000","00:15:09,000",فهاي ياس الأمور تمام,"Hey, guys, it's okay.",neutral
"00:15:16,000","00:15:16,000",وإنت؟,And you?,neutral
"00:15:16,000","00:15:17,000",محمد,Mohammed.,neutral
"00:15:17,000","00:15:17,000",محمد؟,Mohammed?,neutral
"00:15:17,000","00:15:19,000",بس بيحكولي صباغ يعني,Just a painter would mean...,neutral
"00:15:19,000","00:15:20,000",كيف شفتي بدات؟,How did my lips start?,neutral
"00:15:20,000","00:15:20,000",كان حلو,It was sweet.,neutral
"00:15:21,000","00:15:22,000",بتدى صعب,Buddy's hard.,neutral
"00:15:22,000","00:15:23,000",بس بقى حلو,It's just sweet.,neutral
"00:15:23,000","00:15:25,000",بعدين مصري وأردني,Then an Egyptian and he shot me.,neutral
"00:15:25,000","00:15:26,000",آه بس تعلمت,"Oh, I learned.",neutral
"00:15:27,000","00:15:28,000",هسه هسه بنشوف,"Hush. Hush, we'll see.",neutral
"00:15:28,000","00:15:30,000",آه هسه صوتك هسه كويس,"- Ah, your voice. - Ah, ah, ah, ah, ah, ah, ah, ah, ah, ah, ah, ah, ah, ah, ah, ah, ah, ah, ah, ah, ah, ah, ah, ah, ah, ah, ah, ah, ah, ah, ah, ah, ah, ah, ah, ah, ah, ah, ah, a",neutral
"00:15:30,000","00:15:32,000",هاي الكلمة يعني تعتبر,"Hey, the word means consider...",neutral
"00:15:32,000","00:15:33,000",هاي بتحكي,"Hey, itchy.",neutral
"00:15:33,000","00:15:33,000",وإنت تعلمت إيه؟,And you learned what?,neutral
"00:15:34,000","00:15:35,000",والله شكله حلو قوي,And God looks so sweet.,neutral
"00:15:35,000","00:15:37,000",بعدين أنا حسيت في البداية,Then I felt at first.,neutral
"00:15:37,000","00:15:38,000",كنا كثير,We were too much.,neutral
"00:15:38,000","00:15:40,000",ماخدين الموضوع جدي و,What you're taking is serious and...,neutral
"00:15:40,000","00:15:41,000",تحسوا كان تقديم شغل,Feel it. It was a job offer.,neutral
"00:15:46,000","00:15:47,000",ما بعرفش,What do you know?,neutral
"00:15:47,000","00:15:48,000",بس أنا كنت عارف,But I knew it.,neutral
"00:15:48,000","00:15:49,000",بنتشوف ما قتلتيني إيه,"You see what you killed me, eh?",neutral
"00:15:49,000","00:15:50,000",يلا بيني,"Hey, Penny.",neutral
"00:15:50,000","00:15:51,000",الدريم جاي,The Dream Jay.,neutral
"00:15:51,000","00:15:52,000",قتلتيني ستة,You killed six of me.,neutral
"00:15:52,000","00:15:53,000",أنا ما أعطيكي خمسة,I'm not giving you five.,neutral
"00:15:53,000","00:15:54,000",ليه قتلتني خمسة؟,Why did you kill me five?,neutral
"00:15:54,000","00:15:55,000",يعني حسيت لسه كنا,"I mean, I felt like we were...",neutral
"00:15:56,000","00:15:57,000",آه فيه تنشن فبلش تخف,"Ah, it's in there. You're scared.",neutral
"00:15:57,000","00:15:59,000",هلأ بتشوفي الألقام نيحة بتصير,Would you show me the numbers with a muzzle?,anger
"00:15:59,000","00:16:01,000",بس المال أنا بس قتلتك إيه؟,"But the money. I just killed you, eh?",neutral
"00:16:01,000","00:16:02,000",قلب وفلور,A heart and a fluorine.,neutral
"00:16:02,000","00:16:04,000",أنا قتلتك عشرة وفلور,"I killed you, ten and flor.",neutral
"00:16:04,000","00:16:05,000",أوكي نايس,"Okay, Nice.",neutral
"00:16:05,000","00:16:05,000",يعني جريبين من بعض,It means two grapes at a time.,neutral
"00:16:05,000","00:16:06,000",فرنو,Verno.,neutral
"00:16:06,000","00:16:08,000",طيب بس بقى في الليفستايل؟,"Okay, so he stayed at the Livstile?",neutral
"00:16:08,000","00:16:09,000",عشان نشبه بعض يعني طلعنا,"For us to look like each other, it means we're sick.",neutral
"00:16:09,000","00:16:10,000",فعلاً؟,Yeah?,neutral
"00:16:10,000","00:16:11,000",فكويس يعني,"""Queen"" means...",neutral
"00:16:11,000","00:16:13,000",طلعنا كثير نشبه بعض وجريبين,We're so much like each other and Grippins.,neutral
"00:16:13,000","00:16:14,000",أنا حبيت صراحة,I'm a true lover.,neutral
"00:16:14,000","00:16:15,000",أنت حبيتي تديت؟,"You're my girlfriend, huh?",neutral
"00:16:15,000","00:16:16,000",آه قوي بسطت,"Ah, strong. Stretch.",neutral
"00:16:16,000","00:16:18,000",هنطلع مع بعض مرة تانية؟,We're going to hang out again?,neutral
"00:16:18,000","00:16:19,000",في الأردن ولا في مصر؟,"In Jordan, not in Egypt?",neutral
"00:16:19,000","00:16:20,000",اثنين,Two.,neutral
"00:16:20,000","00:16:20,000",أوكي,Okay.,neutral
"00:16:20,000","00:16:22,000",ما تنسوش تعملوا لايك للفيديو ده,You guys aren't working on that video.,neutral
"00:16:22,000","00:16:23,000",وفولوه بإنستيركل على فيسبوك,"On Facebook, he was on Insterkel.",neutral
"00:16:23,000","00:16:24,000",وإنستجرام,Instagram.,neutral
"00:16:24,000","00:16:25,000",وتيك توك وتويتر,Whitick Tock and Twitter.,neutral
"00:16:25,000","00:16:26,000",ومسبسكرايب على يوتيوب,And a screwdriver on YouTube.,neutral
"00:16:26,000","00:16:28,000",لو عايزين تيجوا في دا بلاين ديت شو,If Tijua needs to go to Da Blaine Dit Shaw...,anger
"00:16:28,000","00:16:29,000",اعملوا شير للفيديو ده,Make a video shirt. That's it.,neutral
"00:16:29,000","00:16:31,000",والتاج لثلاثة من صحابكم في الكومنتز,The crown is for three of your commens.,neutral
"00:16:32,000","00:16:32,000",طيب قولك إيه؟,"Okay, what do you say?",neutral
"00:16:32,000","00:16:33,000",همم,Hmm.,neutral
"00:16:33,000","00:16:34,000",بتيجي على الأردن,Pettiji on Jordan.,neutral
"00:16:34,000","00:16:36,000",هتقعديني فين في الأردن؟,You think I'm Finn in Jordan?,neutral
"00:16:36,000","00:16:37,000",في الأردن فيها حاجات كثير حلوة,Jordan has so many sweet needs.,neutral
"00:16:39,000","00:16:40,000",يعني فيها عنا البترة,It's about us being amputated.,neutral
"00:16:40,000","00:16:41,000",فيها عنا الأحلمية,It's about us dreaming.,neutral
"00:16:41,000","00:16:42,000",أنت تعالي والموضوع سهل,"You come on, it's easy.",neutral
"00:16:44,000","00:16:45,000",تفكر في الموضوع؟,Thinking about it?,neutral
"00:16:45,000","00:16:46,000",ما تخليك في مصر؟,What's the matter with you in Egypt?,neutral
"00:16:46,000","00:16:47,000",في مصر ليه؟,In Egypt for what?,neutral
"00:16:55,000","00:16:57,000",ترجمة نانسي قنقر,"== sync, corrected by elderman == @elder_man",neutral
